name,full_address,city,state,postal_code,phone,site,latitude,longitude,rating,reviews,working_hours,place_id,type,subtypes,category,description,source_keyword
Milk ‘N Honey,"3457 Bathurst St, North York, ON M6A 2C5",North York,Ontario,M6A 2C5,+1 416-789-7651,http://www.milknhoney.ca/,43.7284779,-79.4315608,4.6,192.0,None,ChIJyylk4UZMV0ARBeiLCfaIJYQ,Caterer,"Caterer, Kosher restaurant, Vegetarian restaurant",restaurants,"Eclectic strip-mall restaurant & catering spot offers Jewish food, pizza & an array of sandwiches.",shiva catering Toronto
Ely's Fine Foods,"3537 Bathurst St, North York, ON M6A 2C7",North York,Ontario,M6A 2C7,+1 416-782-3231,https://elysfinefoods.com/%3Futm_source%3Dgoogle%26utm_medium%3Dorganic%26utm_campaign%3Dgmb,43.7298573,-79.4319058,4.4,95.0,"{'Friday': ['7a.m.-3p.m.'], 'Monday': ['9a.m.-6p.m.'], 'Saturday': ['Closed'], 'Sunday': ['9a.m.-6p.m.'], 'Thursday': ['8:30a.m.-8p.m.'], 'Tuesday': ['9a.m.-7p.m.'], 'Wednesday': ['9a.m.-7p.m.']}",ChIJG8-bC1oyK4gRCubvWo3-qbM,Kosher restaurant,Kosher restaurant,restaurants,,shiva catering Toronto
Mitzuyan Kosher Catering,"18 Reiner Rd, Toronto, ON M3H 2K9",Toronto,Ontario,M3H 2K9,+1 416-419-5260,https://mitzuyankoshercatering.com/,43.7523631,-79.4389793,5.0,20.0,"{'Friday': ['12a.m.-2p.m.'], 'Monday': ['8a.m.-5p.m.'], 'Saturday': ['Closed'], 'Sunday': ['8a.m.-5p.m.'], 'Thursday': ['8a.m.-5p.m.'], 'Tuesday': ['8a.m.-5p.m.'], 'Wednesday': ['8a.m.-5p.m.']}",ChIJm1q_PQsuK4gRfo6Ae7HTbuo,Caterer,Caterer,Caterer,,shiva catering Toronto
Pantry,"3456 Bathurst St, Toronto, ON M6A 2C4",Toronto,Ontario,M6A 2C4,+1 416-785-0996,http://pantryfoods.ca/,43.7280989,-79.4321159,4.3,150.0,"{'Friday': ['10a.m.-2p.m.'], 'Monday': ['10a.m.-4:30p.m.'], 'Saturday': ['Closed'], 'Sunday': ['10a.m.-2p.m.'], 'Thursday': ['10a.m.-4:30p.m.'], 'Tuesday': ['10a.m.-4:30p.m.'], 'Wednesday': ['10a.m.-4:30p.m.']}",ChIJr5ae-0ZMV0ARDqIAAWPXTQc,Caterer,"Caterer, Takeout Restaurant, Kosher grocery store",restaurants,Miniature take-out joint specializing in prepared vegetarian & fish dishes with eclectic influences.,shiva catering Toronto
Kosher Gourmet,"3003 Bathurst St, North York, ON M6B 3B3",North York,Ontario,M6B 3B3,+1 416-781-9900,http://koshergourmet.ca/,43.717501,-79.4291435,4.7,82.0,"{'Friday': ['7:30a.m.-2:30p.m.'], 'Monday': ['10a.m.-7p.m.'], 'Saturday': ['Closed'], 'Sunday': ['12-5p.m.'], 'Thursday': ['8:30a.m.-7p.m.'], 'Tuesday': ['9:30a.m.-7p.m.'], 'Wednesday': ['9:30a.m.-7p.m.']}",ChIJa7gUp6szK4gRkY13TvjIdZ8,Caterer,"Caterer, Takeout Restaurant, Kosher restaurant, Sushi restaurant",restaurants,,shiva catering Toronto
Beyond Delish Kosher Food Catering & Takeout,"5987 Bathurst St, North York, ON M2R 1Z3",North York,Ontario,M2R 1Z3,+1 905-884-7700,https://www.beyonddelish.ca/,43.786343599999995,-79.4456625,5.0,36.0,"{'Friday': ['9a.m.-1p.m.'], 'Monday': ['Closed'], 'Saturday': ['Closed'], 'Sunday': ['Closed'], 'Thursday': ['10a.m.-8p.m.'], 'Tuesday': ['10a.m.-5p.m.'], 'Wednesday': ['10a.m.-6p.m.']}",ChIJjw9Bi6ArK4gRdWoUvKJ7cDI,Catering food and drink supplier,Catering food and drink supplier,Catering food and drink supplier,,shiva catering Toronto
Zuchter Berk Kosher,"2301 Keele St, Toronto, ON M6M 3Z9",Toronto,Ontario,M6M 3Z9,+1 416-386-1086,http://www.zbcaterers.com/,43.7573041,-79.35978949999999,3.4,18.0,"{'Friday': ['Closed'], 'Monday': ['11a.m.-9p.m.'], 'Saturday': ['Closed'], 'Sunday': ['11a.m.-9p.m.'], 'Thursday': ['11a.m.-9p.m.'], 'Tuesday': ['11a.m.-9p.m.'], 'Wednesday': ['11a.m.-9p.m.']}",ChIJ-wKBzaPS1IkRDllUJS71TcM,Catering food and drink supplier,Catering food and drink supplier,Catering food and drink supplier,,shiva catering Toronto
Encore Catering,"5000 Dufferin St unit p, North York, ON M3H 5T5",North York,Ontario,M3H 5T5,+1 416-661-4460,https://www.encorecatering.com/,43.7820337,-79.4715513,4.8,285.0,"{'Friday': ['9a.m.-5p.m.'], 'Monday': ['9a.m.-5p.m.'], 'Saturday': ['Closed'], 'Sunday': ['Closed'], 'Thursday': ['9a.m.-5p.m.'], 'Tuesday': ['9a.m.-5p.m.'], 'Wednesday': ['9a.m.-5p.m.']}",ChIJRV-XYHUuK4gR_rMsiTWBrko,Caterer,Caterer,Caterer,,shiva catering Toronto
Apex Kosher Catering,"100 Elder St, North York, ON M3H 5G7",CA,Ontario,M3H 5G7,+1 416-901-5044,https://www.apexkoshercatering.com/,43.7605547,-79.4543032,5.0,21.0,"{'Friday': ['9a.m.-4p.m.'], 'Monday': ['9a.m.-5p.m.'], 'Saturday': ['Closed'], 'Sunday': ['Closed'], 'Thursday': ['9a.m.-5p.m.'], 'Tuesday': ['9a.m.-5p.m.'], 'Wednesday': ['9a.m.-5p.m.']}",ChIJIaKltUctK4gR1n2aRu6Z67Q,Catering food and drink supplier,Catering food and drink supplier,Catering food and drink supplier,,shiva catering Toronto
Sonny Langer's Catering,"180 Steeles Ave W, Thornhill, ON L4J 2L1",Thornhill,Ontario,L4J 2L1,+1 905-881-4356,http://www.sonnylangers.com/,43.79813,-79.4260101,4.8,23.0,"{'Friday': ['7a.m.-3p.m.'], 'Monday': ['7a.m.-3p.m.'], 'Saturday': ['7a.m.-3p.m.'], 'Sunday': ['7a.m.-3p.m.'], 'Thursday': ['7a.m.-3p.m.'], 'Tuesday': ['7a.m.-3p.m.'], 'Wednesday': ['7a.m.-3p.m.']}",ChIJ1cWLaVUsK4gRYJKT1FB7ffo,Caterer,Caterer,Caterer,,shiva catering Toronto
F + B Kosher Catering,"5000 Dufferin St unit p, North York, ON M3H 5T5",North York,Ontario,M3H 5T5,+1 416-900-0918,https://fbkosher.com/,43.7820337,-79.4715513,4.8,38.0,"{'Friday': ['9a.m.-5p.m.'], 'Monday': ['9a.m.-5p.m.'], 'Saturday': ['Closed'], 'Sunday': ['Closed'], 'Thursday': ['9a.m.-5p.m.'], 'Tuesday': ['9a.m.-5p.m.'], 'Wednesday': ['9a.m.-5p.m.']}",ChIJOQmKKcQvK4gRZmJlNguLqrc,Caterer,Caterer,Caterer,,shiva catering Toronto
Chezsiva Cooking School,"52 Glenholme Ave, Toronto, ON M6H 3A9",Toronto,Ontario,M6H 3A9,+1 416-838-9157,http://chezsiva.com/,43.676845,-79.4381926,,,None,ChIJVVXx6nA0K4gRWyWkq5VLjtI,Cooking school,Cooking school,Cooking school,,shiva catering Toronto
Athletes Kitchen,"74 Jutland Rd Unit #31, Etobicoke, ON M8Z 2G6",Etobicoke,Ontario,M8Z 2G6,+1 416-516-0101,http://athleteskitchen.ca/,43.6282888,-79.5221334,4.8,150,"{'Friday': ['8a.m.-4p.m.'], 'Monday': ['8a.m.-4p.m.'], 'Saturday': ['8a.m.-4p.m.'], 'Sunday': ['8a.m.-4p.m.'], 'Thursday': ['Closed'], 'Tuesday': ['8a.m.-4p.m.'], 'Wednesday': ['8a.m.-4p.m.']}",ChIJs2q2_d40K4gRuEh-Tuni84c,Delivery Service,"Delivery Service, Catering food and drink supplier, Health food restaurant",Delivery service,"Meal delivery service providing seasonal, health-oriented fare for a range of dietary styles.",shiva meal delivery Toronto
On The Run Meals - Toronto Healthy Meal Delivery,"55 Nugget Ave, Scarborough, ON M1S 3L1",Scarborough,Ontario,M1S 3L1,+1 416-985-7116,https://otrmeals.com/,43.7921222,-79.2572735,4.9,853,"{'Friday': ['10a.m.-5p.m.'], 'Monday': ['10a.m.-5p.m.'], 'Saturday': ['10a.m.-1p.m.'], 'Sunday': ['11a.m.-8p.m.'], 'Thursday': ['10a.m.-8p.m.'], 'Tuesday': ['10a.m.-5p.m.'], 'Wednesday': ['10a.m.-8p.m.']}",ChIJLZwt7RDR1IkRwc5LnpeKnXY,Delivery Restaurant,Delivery Restaurant,Meal delivery,,shiva meal delivery Toronto
SHIVA SAKTHI RESTAURANT,"7166 Airport Rd, Mississauga, ON L4T 2H2",Mississauga,Ontario,L4T 2H2,+1 905-677-3555,https://www.shivasakthi.ca/,43.70693,-79.6473286,4.6,1770,"{'Friday': ['11:30a.m.-11p.m.'], 'Monday': ['11:30a.m.-11p.m.'], 'Saturday': ['12-11p.m.'], 'Sunday': ['12-10p.m.'], 'Thursday': ['11:30a.m.-11p.m.'], 'Tuesday': ['11:30a.m.-11p.m.'], 'Wednesday': ['11:30a.m.-11p.m.']}",ChIJGyfJwKE7K4gRbq-m1ao-eHo,Indian restaurant,"Indian restaurant, Family restaurant, Fast food restaurant, Halal restaurant, North Indian restaurant, South Indian restaurant",restaurants,,shiva meal delivery Toronto
Sandra’s Italian Kitchen,"2899 Steeles Ave W #12, North York, ON M3J 3A1",North York,Ontario,M3J 3A1,+1 416-665-1999,https://sandrasitaliankitchen.com/,43.781911699999995,-79.49140059999999,4.6,647,"{'Friday': ['10:45a.m.-4:45p.m.'], 'Monday': ['Closed'], 'Saturday': ['10:45a.m.-5:30p.m.'], 'Sunday': ['10:30a.m.-4:45p.m.'], 'Thursday': ['10:45a.m.-4:45p.m.'], 'Tuesday': ['10:30a.m.-7p.m.'], 'Wednesday': ['10:30a.m.-4:45p.m.']}",ChIJbScvuhA2V0ARzA76gNijLRk,Caterer,"Caterer, Italian restaurant, Halal restaurant, Takeout Restaurant, Pizza restaurant, Sandwich shop",restaurants,,shiva meal delivery Toronto
Power Kitchen,"46 Hollinger Rd, Toronto, ON M4B 3G5",Toronto,Ontario,M4B 3G5,+1 647-479-0413,https://powerkitchen.ca/,43.714118899999995,-79.31358449999999,4.7,543,"{'Friday': ['9a.m.-5p.m.'], 'Monday': ['9a.m.-5p.m.'], 'Saturday': ['Closed'], 'Sunday': ['12-5p.m.'], 'Thursday': ['9a.m.-5p.m.'], 'Tuesday': ['9a.m.-5p.m.'], 'Wednesday': ['9a.m.-5p.m.']}",ChIJlwxHr3TL1IkR9246JZvwH-c,Delivery Restaurant,"Delivery Restaurant, Box lunch supplier, Caterer, Health food restaurant, Health food store, Delivery Service, Takeout Restaurant",Delivery service,,shiva meal delivery Toronto
Essential Meal Delivery,"37 Advance Rd #105, Etobicoke, ON M8Z 2S6",Etobicoke,Ontario,M8Z 2S6,+1 647-230-0085,http://www.essentialmealdelivery.com/,43.6335464,-79.5277629,4.5,60,"{'Friday': ['Closed'], 'Monday': ['9a.m.-5p.m.'], 'Saturday': ['9a.m.-5p.m.'], 'Sunday': ['9a.m.-5p.m.'], 'Thursday': ['Closed'], 'Tuesday': ['Closed'], 'Wednesday': ['Closed']}",ChIJoxbFKec0K4gRY2ppTKX2Vwk,Delivery Restaurant,"Delivery Restaurant, Caterer",Meal delivery,,shiva meal delivery Toronto
Hi Chef,"105 Vanderhoof Ave, East York, ON M4G 2H7",CA,Ontario,M4G 2H7,+1 289-830-5300,http://www.hichef.ca/,43.7119536,-79.36036849999999,4.9,58,"{'Friday': ['8a.m.-9p.m.'], 'Monday': ['8a.m.-9p.m.'], 'Saturday': ['8a.m.-9p.m.'], 'Sunday': ['8a.m.-9p.m.'], 'Thursday': ['8a.m.-9p.m.'], 'Tuesday': ['8a.m.-9p.m.'], 'Wednesday': ['8a.m.-9p.m.']}",ChIJdeVkCbGG2wkRVqOS79fpDgQ,Delivery Restaurant,"Delivery Restaurant, Catering food and drink supplier, Caterer, Delivery Service, Health food restaurant, Personal chef service",Meal delivery,,shiva meal delivery Toronto
Easy Mealz,"46 Hollinger Rd, East York, ON M4B 3G5",CA,Ontario,M4B 3G5,+1 416-388-5695,https://www.easymealz.ca/,43.714118899999995,-79.31358449999999,4.8,154,"{'Friday': ['9a.m.-5p.m.'], 'Monday': ['9a.m.-5p.m.'], 'Saturday': ['Closed'], 'Sunday': ['9a.m.-5p.m.'], 'Thursday': ['9a.m.-5p.m.'], 'Tuesday': ['9a.m.-5p.m.'], 'Wednesday': ['9a.m.-5p.m.']}",ChIJS-hezpfL1IkRf5K6LAsgzFs,Restaurant,Restaurant,restaurants,,shiva meal delivery Toronto
DS Meal Prep,"3974 Chesswood Dr, North York, ON M3J 2W6",CA,Ontario,M3J 2W6,+1 416-717-6325,http://www.dsmealprep.ca/,43.7556406,-79.47783629999999,4.9,30,"{'Friday': ['11a.m.-5p.m.'], 'Monday': ['11a.m.-5p.m.'], 'Saturday': ['11a.m.-5p.m.'], 'Sunday': ['11a.m.-5p.m.'], 'Thursday': ['11a.m.-5p.m.'], 'Tuesday': ['11a.m.-5p.m.'], 'Wednesday': ['11a.m.-5p.m.']}",ChIJq6q6SkQlK4gR0BB-JHO1mAk,Health food restaurant,Health food restaurant,restaurants,,shiva meal delivery Toronto
Protein Chefs - North York Healthy Meal Delivery,"20 Millwick Dr, North York, ON M9L 1Y3",North York,Ontario,M9L 1Y3,+1 833-585-1613,https://proteinchefs.com/pages/north-york-healthy-meal-delivery-company/,43.7570394,-79.5586764,4.8,272,"{'Friday': ['9a.m.-6p.m.'], 'Monday': ['9a.m.-6p.m.'], 'Saturday': ['9a.m.-6p.m.'], 'Sunday': ['9a.m.-6p.m.'], 'Thursday': ['9a.m.-6p.m.'], 'Tuesday': ['9a.m.-6p.m.'], 'Wednesday': ['9a.m.-6p.m.']}",ChIJB3lhCQsxK4gRx92540n9DeY,Caterer,"Caterer, Catering food and drink supplier, Food manufacturer, Food producer, Delivery Restaurant, Takeout Restaurant",Caterer,,shiva meal delivery Toronto
HalalMeals,"103 Manville Rd, Scarborough, ON M1L 4H9",Scarborough,Ontario,M1L 4H9,+1 877-627-7861,https://www.halalmeals.ca/,43.721463,-79.2809214,3.9,114,"{'Friday': ['9a.m.-5p.m.'], 'Monday': ['9a.m.-5p.m.'], 'Saturday': ['9a.m.-5p.m.'], 'Sunday': ['9a.m.-5p.m.'], 'Thursday': ['9a.m.-5p.m.'], 'Tuesday': ['9a.m.-5p.m.'], 'Wednesday': ['9a.m.-5p.m.']}",ChIJAQCQR3LO1IkR3LiJVefHk0k,Delivery Service,Delivery Service,Delivery service,,shiva meal delivery Toronto
Sixteen Ounce,"100 Symes Rd Unit 112, Old Toronto, ON M6N 5C9",CA,Ontario,M6N 5C9,+1 647-864-2212,http://www.sixteenoz.com/,43.672567699999995,-79.4790013,4.3,91,None,ChIJr-lZk9A1K4gRmSAUXXt9jy8,Delivery Restaurant,"Delivery Restaurant, Health food store",Meal delivery,,shiva meal delivery Toronto
Chefs Plate,"110 Spadina Ave., Toronto, ON M5V 2K4",Toronto,Ontario,M5V 2K4,+1 833-608-0883,http://chefsplate.com/,43.6468637,-79.3960022,3.8,4968,"{'Friday': ['8a.m.-10p.m.'], 'Monday': ['8a.m.-10p.m.'], 'Saturday': ['10a.m.-6p.m.'], 'Sunday': ['10a.m.-6p.m.'], 'Thursday': ['8a.m.-10p.m.'], 'Tuesday': ['8a.m.-10p.m.'], 'Wednesday': ['8a.m.-10p.m.']}",ChIJpzNVaS02K4gRTLC8muqluB4,Delivery Restaurant,"Delivery Restaurant, Grocery delivery service",Meal delivery,,shiva meal delivery Toronto
Protein Chefs - Mississauga Healthy Meal Delivery,"30 Eglinton Ave W #400, Mississauga, ON L5R 3E7",Mississauga,Ontario,L5R 3E7,+1 833-585-1613,https://proteinchefs.com/mississauga-healthy-meal-delivery-company/,43.60546,-79.65317999999999,4.8,19,"{'Friday': ['9a.m.-6p.m.'], 'Monday': ['9a.m.-6p.m.'], 'Saturday': ['9a.m.-6p.m.'], 'Sunday': ['9a.m.-6p.m.'], 'Thursday': ['9a.m.-6p.m.'], 'Tuesday': ['9a.m.-6p.m.'], 'Wednesday': ['9a.m.-6p.m.']}",ChIJJxxdpD9BK4gRZll0072T6mo,Delivery Restaurant,"Delivery Restaurant, Caterer, Food manufacturer, Food producer, Takeout Restaurant",Meal delivery,,shiva meal delivery Toronto
Satguru Meals,"York St, Toronto, ON M5J 2L7",Toronto,Ontario,M5J 2L7,+1 647-365-0885,https://wa.me/16473650885,43.725108299999995,-79.45280869999999,3.9,54,None,ChIJw75Wv3c1K4gRK4ltb0tYmKU,Delivery Restaurant,"Delivery Restaurant, Delivery Service",Delivery service,,shiva meal delivery Toronto
Shiva's Coffee Bar Scarborough,"3867 Lawrence Ave E, Scarborough, ON M1G 1R2",CA,Ontario,M1G 1R2,+1 416-338-9888,https://shivascoffeebar.com/,43.7628525,-79.20929,4.6,223,"{'Friday': ['11a.m.-1a.m.'], 'Monday': ['11a.m.-11p.m.'], 'Saturday': ['11a.m.-1a.m.'], 'Sunday': ['11a.m.-11p.m.'], 'Thursday': ['11a.m.-11p.m.'], 'Tuesday': ['11a.m.-11p.m.'], 'Wednesday': ['11a.m.-11p.m.']}",ChIJKd_iNZXR1IkRnBhpmfqj2VE,Indian restaurant,Indian restaurant,restaurants,,shiva meal delivery Toronto
Balti Indian Restaurant,"2241a Bloor St W, Toronto, ON M6S 1N7",Toronto,Ontario,M6S 1N7,+1 416-551-5199,https://baltiindian.ca/,43.6508247,-79.4769685,4.6,805,"{'Friday': ['11:30a.m.-1a.m.'], 'Monday': ['11:30a.m.-1a.m.'], 'Saturday': ['11:30a.m.-1a.m.'], 'Sunday': ['11:30a.m.-1a.m.'], 'Thursday': ['11:30a.m.-1a.m.'], 'Tuesday': ['11:30a.m.-10p.m.'], 'Wednesday': ['11:30a.m.-1a.m.']}",ChIJGRVOJ4c2K4gRFd8pTJ-tqys,Delivery Restaurant,"Delivery Restaurant, Asian restaurant, Bar, Caterer, Indian sizzler restaurant, Indian takeaway, Indian restaurant, Takeout Restaurant, Nepalese restaurant, Restaurant",restaurants,"Classic Indian fare with beer & wine, served in a rustic setting with white tablecloths & art.",shiva meal delivery Toronto
Habibz Corner,"1806 Jane St, York, ON M9N 2T3",York,Ontario,M9N 2T3,+1 647-329-3055,https://habibzcorner.com/,43.7068796,-79.5052084,4.8,1984,"{'Friday': ['12-6a.m.', '11a.m.-12a.m.'], 'Monday': ['12-6a.m.', '11a.m.-12a.m.'], 'Saturday': ['12-6a.m.', '11a.m.-12a.m.'], 'Sunday': ['12-6a.m.', '11a.m.-12a.m.'], 'Thursday': ['12-6a.m.', '11a.m.-12a.m.'], 'Tuesday': ['12-6a.m.', '11a.m.-12a.m.'], 'Wednesday': ['12-6a.m.', '11a.m.-12a.m.']}",ChIJ71R1HKUxK4gREbwRMnlPilI,Halal restaurant,Halal restaurant,restaurants,,shiva meal delivery Toronto
Kosh,"1036 St Clair Ave W, Old Toronto, ON M6E 1A4",CA,Ontario,M6E 1A4,+1 416-652-6000,https://koshchai.com/,43.6791154,-79.4385044,4.7,88,"{'Friday': ['8a.m.-3:30p.m.'], 'Monday': ['12-10p.m.'], 'Saturday': ['Closed'], 'Sunday': ['12-10p.m.'], 'Thursday': ['12-10p.m.'], 'Tuesday': ['12-10p.m.'], 'Wednesday': ['12-10p.m.']}",ChIJicLNSmQ1K4gRVP2opRK3hl4,Kosher restaurant,"Kosher restaurant, Restaurant",restaurants,,shiva meal delivery Toronto
Toronto Kosher,"3459 Bathurst St #1, Toronto, ON M6A 2C5",Toronto,Ontario,M6A 2C5,+1 416-789-5333,https://www.torontokosher.com/,43.728589899999996,-79.4316315,4.1,66,"{'Friday': ['7a.m.-2p.m.'], 'Monday': ['8a.m.-6p.m.'], 'Saturday': ['Closed'], 'Sunday': ['9a.m.-5:30p.m.'], 'Thursday': ['8a.m.-8p.m.'], 'Tuesday': ['8a.m.-7p.m.'], 'Wednesday': ['8a.m.-7p.m.']}",ChIJpcgJuFAyK4gR6rVZ0rz-qeY,Butcher shop,Butcher shop,Butcher shop,,shiva meal delivery Toronto
L-eat Catering,"3829 Bathurst St, North York, ON M3H 3N1",CA,Ontario,M3H 3N1,+1 416-631-9226,http://www.leatcatering.com/,43.7397825,-79.43425599999999,4.8,103,"{'Friday': ['8a.m.-6p.m.'], 'Monday': ['8a.m.-6p.m.'], 'Saturday': ['11a.m.-5p.m.'], 'Sunday': ['Closed'], 'Thursday': ['8a.m.-6p.m.'], 'Tuesday': ['8a.m.-6p.m.'], 'Wednesday': ['8a.m.-6p.m.']}",ChIJic9Nj2cyK4gRqFltvZVMhZU,Caterer,"Caterer, Catering, Event management company, Food service, Restaurant supply store, Wedding planner",Caterer,,shiva meal delivery Toronto
One Life Meals,"45 Cranfield Rd #13, East York, ON M4B 3H6",East York,Ontario,M4B 3H6,+1 437-294-0785,https://www.onelifemeals.com/,43.7151147,-79.3087936,4.9,206,"{'Friday': ['11a.m.-7p.m.'], 'Monday': ['11a.m.-7p.m.'], 'Saturday': ['11a.m.-7p.m.'], 'Sunday': ['11a.m.-7p.m.'], 'Thursday': ['11a.m.-7p.m.'], 'Tuesday': ['11a.m.-7p.m.'], 'Wednesday': ['11a.m.-7p.m.']}",ChIJrSP6m_jN1IkRJPueryDRa28,Health food store,"Health food store, Weight loss service",Health food store,,shiva meal delivery Toronto
Sabhaya’s kitchen | Kathiyavadi Gujarati tiffin | Fast-food | Catering,"1585 Albion Rd, Etobicoke, ON M9V 1B6",CA,Ontario,M9V 1B6,+1 647-870-7048,https://www.sabhayaskitchen.com/home,43.740926699999996,-79.5903991,5.0,108,"{'Friday': ['7a.m.-8p.m.'], 'Monday': ['7a.m.-8p.m.'], 'Saturday': ['7a.m.-4p.m.'], 'Sunday': ['Closed'], 'Thursday': ['7a.m.-8p.m.'], 'Tuesday': ['7a.m.-8p.m.'], 'Wednesday': ['7a.m.-8p.m.']}",ChIJs8yV3DU7K4gR02-CXmEPyOk,Tiffin center,Tiffin center,Tiffin center,,shiva meal delivery Toronto
Parkway Restaurant,"379 Eglinton Ave E, Toronto, ON M4P 1M5",Toronto,Ontario,M4P 1M5,+1 416-551-7910,https://parkwayrestaurant.ca/,43.7092111,-79.3851146,4.4,953,"{'Friday': ['11:30a.m.-12a.m.'], 'Monday': ['11:30a.m.-11p.m.'], 'Saturday': ['11:30a.m.-12a.m.'], 'Sunday': ['11:30a.m.-11p.m.'], 'Thursday': ['11:30a.m.-11p.m.'], 'Tuesday': ['11:30a.m.-11p.m.'], 'Wednesday': ['11:30a.m.-11p.m.']}",ChIJRxv7AJszK4gRFZIIDHrEpwQ,Persian restaurant,Persian restaurant,restaurants,,shiva platters Toronto
Indraprastha Indian Kitchen and Bar,"5 Baldwin St, Toronto, ON M5T 1L1",Toronto,Ontario,M5T 1L1,+1 437-880-8349,https://www.instagram.com/indraprastha_torontodowntown%3Figsh%3DczVnbXB5bmppcmt6,43.656058699999996,-79.3924699,4.6,1331,"{'Friday': ['11:30a.m.-12a.m.'], 'Monday': ['11:30a.m.-11:30p.m.'], 'Saturday': ['11:30a.m.-12a.m.'], 'Sunday': ['9:30a.m.-12a.m.'], 'Thursday': ['11:30a.m.-11:30p.m.'], 'Tuesday': ['11:30a.m.-11:30p.m.'], 'Wednesday': ['11:30a.m.-11:30p.m.']}",ChIJh75IuJU1K4gREipUUdSSX58,Indian restaurant,"Indian restaurant, Bar, Modern Indian restaurant, North Indian restaurant",restaurants,,shiva platters Toronto
ZB Hospitality Group Inc.,"2301 Keele St, North York, ON M6M 3Z9",CA,Ontario,M6M 3Z9,+1 416-386-9946,http://www.zbhospitality.com/,43.704254399999996,-79.476277,4.4,51,"{'Friday': ['9a.m.-5p.m.'], 'Monday': ['9a.m.-5p.m.'], 'Saturday': ['Closed'], 'Sunday': ['Closed'], 'Thursday': ['9a.m.-5p.m.'], 'Tuesday': ['9a.m.-5p.m.'], 'Wednesday': ['9a.m.-5p.m.']}",ChIJ1T7ssWHN1IkR4yX5O4tAMqw,Event management company,Event management company,Event management company,,shiva platters Toronto
Chef On The Go Catering & Event Services,"129 Turbine Dr, North York, ON M9L 2S7",North York,Ontario,M9L 2S7,+1 647-281-7090,http://www.chefonthego.ca/,43.7665049,-79.55678809999999,4.9,64,"{'Friday': ['9a.m.-5p.m.'], 'Monday': ['9a.m.-5p.m.'], 'Saturday': ['Closed'], 'Sunday': ['Closed'], 'Thursday': ['9a.m.-5p.m.'], 'Tuesday': ['9a.m.-5p.m.'], 'Wednesday': ['9a.m.-5p.m.']}",ChIJp06cDZIuK4gR7LJ4AxpphR4,Caterer,Caterer,Caterer,,shiva platters Toronto
Gourmet Galaxy Catering,"20 Camden St Suite 200, Toronto, ON M5V 1V1",Toronto,Ontario,M5V 1V1,+1 416-767-9201,https://gourmetgalaxy.com/,43.6473699,-79.39699279999999,5.0,1,"{'Friday': ['9a.m.-5p.m.'], 'Monday': ['9a.m.-5p.m.'], 'Saturday': ['Closed'], 'Sunday': ['Closed'], 'Thursday': ['9a.m.-5p.m.'], 'Tuesday': ['9a.m.-5p.m.'], 'Wednesday': ['9a.m.-5p.m.']}",ChIJnd7qpY42K4gRXPKaC4XZ8Hg,Caterer,Caterer,Caterer,,shiva platters Toronto
The Village Shul,"1072 Eglinton Ave W, Toronto, ON M6C 2E2",Toronto,Ontario,M6C 2E2,+1 416-785-1107,http://www.ourvillageshul.com/,43.6999752,-79.43133329999999,4.8,60,"{'Friday': ['9a.m.-2p.m.'], 'Monday': ['9a.m.-5p.m.'], 'Saturday': ['7:30a.m.-7p.m.'], 'Sunday': ['8a.m.-5p.m.'], 'Thursday': ['9a.m.-5p.m.'], 'Tuesday': ['9a.m.-5p.m.'], 'Wednesday': ['9a.m.-5p.m.']}",ChIJ5-liypgzK4gR8LSPYRjSICc,Orthodox synagogue,"Orthodox synagogue, Synagogue",Orthodox synagogue,,shiva platters Toronto
Eisenbergs - Dairy Restaurant & Caterer @ The Prosserman JCC,"4588 Bathurst St, North York, ON M2R 3V2",North York,Ontario,M2R 3V2,+1 416-638-1881,https://www.eisenbergsandwiches.com/,43.7627338,-79.4418798,4.6,61.0,"{'Friday': ['8:30a.m.-3p.m.'], 'Monday': ['8:30a.m.-7p.m.'], 'Saturday': ['Closed'], 'Sunday': ['8:30a.m.-6p.m.'], 'Thursday': ['8:30a.m.-7p.m.'], 'Tuesday': ['8:30a.m.-7p.m.'], 'Wednesday': ['8:30a.m.-7p.m.']}",ChIJ94g9dx0tK4gRZDQSQPRMD3Y,Kosher restaurant,"Kosher restaurant, Cafe, Catering food and drink supplier, Caterer, Event venue, Restaurant",restaurants,,shiva food package Toronto
TOBEN Food By Design Catering,"150 Symes Rd Unit #130, York, ON M6N 0B1",CA,Ontario,M6N 0B1,+1 647-344-8323,https://www.tobenfoodbydesign.com/%3Futm_source%3Dgoogle%26utm_medium%3Dorganic%26utm_campaign%3Dlocal,43.672956299999996,-79.4794415,4.8,198.0,"{'Friday': ['9a.m.-5p.m.'], 'Monday': ['9a.m.-5p.m.'], 'Saturday': ['Closed'], 'Sunday': ['Closed'], 'Thursday': ['9a.m.-5p.m.'], 'Tuesday': ['9a.m.-5p.m.'], 'Wednesday': ['9a.m.-5p.m.']}",ChIJSyWgvukzK4gRIBzj2KKi9qk,Caterer,"Caterer, Catering food and drink supplier, Event management company, Event planner, Event venue, Food producer",Caterer,,shiva food package Toronto
Savours Fresh Market,"3011 Bathurst St, North York, ON M6B 3B5",North York,Ontario,M6B 3B5,+1 416-646-2277,https://www.savoursonline.ca/,43.7178495,-79.42909929999999,4.5,258.0,"{'Friday': ['7a.m.-4p.m.'], 'Monday': ['7a.m.-10p.m.'], 'Saturday': ['Closed'], 'Sunday': ['8a.m.-9p.m.'], 'Thursday': ['7a.m.-12a.m.'], 'Tuesday': ['7a.m.-10p.m.'], 'Wednesday': ['7a.m.-10p.m.']}",ChIJg91RCqszK4gRB0AyYz0if5A,Grocery store,"Grocery store, Kosher grocery store",Grocery store,,shiva food package Toronto
Kosher City Plus,"3468 Bathurst St, North York, ON M6A 2C5",North York,Ontario,M6A 2C5,+1 416-782-6788,http://www.koshercityplus.com/,43.72844,-79.43215699999999,4.5,223.0,"{'Friday': ['7:30a.m.-3p.m.'], 'Monday': ['7:30a.m.-9p.m.'], 'Saturday': ['Closed'], 'Sunday': ['7:30a.m.-6p.m.'], 'Thursday': ['7:30a.m.-10p.m.'], 'Tuesday': ['7:30a.m.-9p.m.'], 'Wednesday': ['7:30a.m.-10p.m.']}",ChIJB-WvwFAyK4gRiA8IrrnDgIk,Kosher grocery store,"Kosher grocery store, Supermarket",Kosher grocery store,,shiva food package Toronto
Joeboos,"59 Lissom Crescent, North York, ON M2R 2P2",North York,Ontario,M2R 2P2,+1 647-300-2292,http://joeboos.com/,43.785635299999996,-79.44552159999999,5.0,16.0,"{'Friday': ['12a.m.-9p.m.'], 'Monday': ['12a.m.-9p.m.'], 'Saturday': ['Closed'], 'Sunday': ['12a.m.-9p.m.'], 'Thursday': ['12a.m.-9p.m.'], 'Tuesday': ['12a.m.-9p.m.'], 'Wednesday': ['12a.m.-9p.m.']}",ChIJ3w0dVrstK4gRTR-sn897078,Caterer,Caterer,Caterer,,shiva food package Toronto
Hartmans,"3500 Bathurst St, North York, ON M6A 2C6",CA,Ontario,M6A 2C6,+1 416-663-7779,https://www.hartmans.ca/,43.7289497,-79.432436,4.5,85.0,"{'Friday': ['7a.m.-2p.m.'], 'Monday': ['8a.m.-7p.m.'], 'Saturday': ['Closed'], 'Sunday': ['9a.m.-6p.m.'], 'Thursday': ['8a.m.-8p.m.'], 'Tuesday': ['8a.m.-7p.m.'], 'Wednesday': ['8a.m.-7p.m.']}",ChIJuZjVl1AyK4gRkEWGvvGkvI0,Butcher shop deli,"Butcher shop deli, Kosher grocery store",Butcher shop deli,,shiva food package Toronto
Schmaltz Appetizing,"414 Dupont St, Toronto, ON M5R 1V9",Toronto,Ontario,M5R 1V9,+1 647-350-4261,http://www.schmaltzappetizing.com/,43.673991699999995,-79.4118167,4.5,436.0,"{'Friday': ['9a.m.-2p.m.'], 'Monday': ['9a.m.-2p.m.'], 'Saturday': ['9a.m.-4p.m.'], 'Sunday': ['9a.m.-4p.m.'], 'Thursday': ['9a.m.-2p.m.'], 'Tuesday': ['9a.m.-2p.m.'], 'Wednesday': ['9a.m.-2p.m.']}",ChIJo_CMBZs0K4gRg_URfFC5Vrw,Restaurant,"Restaurant, Bagel shop",Bagel shop,"Shop specializing in bagels with cream cheese & a variety of smoked fish, plus salads & caviar.",shiva food package Toronto
Butzi Gifts,"1 Dundas St E #2500, Toronto, ON M5G 1Z3",Toronto,Ontario,M5G 1Z3,+1 647-614-5533,https://www.butzigiftbaskets.com/,43.656394299999995,-79.3825133,4.8,193.0,"{'Friday': ['Open 24 hours'], 'Monday': ['Open 24 hours'], 'Saturday': ['Open 24 hours'], 'Sunday': ['Open 24 hours'], 'Thursday': ['Open 24 hours'], 'Tuesday': ['Open 24 hours'], 'Wednesday': ['Open 24 hours']}",ChIJlzg5QGYtK4gRdEPdAY9kjKw,Gift basket store,"Gift basket store, Gift shop",Gift basket store,,shiva food package Toronto
United Bakers Dairy Restaurant,"506 Lawrence Ave W, North York, ON M6A 1A1",North York,Ontario,M6A 1A1,+1 416-789-0519,http://unitedbakers.ca/,43.7202778,-79.4311111,4.6,1640.0,"{'Friday': ['7:30a.m.-6p.m.'], 'Monday': ['7:30a.m.-9p.m.'], 'Saturday': ['8a.m.-8p.m.'], 'Sunday': ['8a.m.-8p.m.'], 'Thursday': ['7:30a.m.-9p.m.'], 'Tuesday': ['7:30a.m.-9p.m.'], 'Wednesday': ['7:30a.m.-9p.m.']}",ChIJ84WPX6szK4gRodP2QDc31mI,Restaurant,"Restaurant, Breakfast restaurant, Brunch restaurant, Diner, Family restaurant",restaurants,"Long-running (since 1912) diner focusing on dairy, vegetable & fish dishes, plus fresh pastries.",shiva food package Toronto
Shivas Chicken Wholesale,"186 Bartley Dr, North York, ON M4A 1E1",North York,Ontario,M4A 1E1,+1 416-910-3244,https://www.shivaschicken.ca/,43.7213729,-79.3132826,4.2,16.0,None,ChIJudAmfLjN1IkRA2_Ow17b6ss,Wholesaler,Wholesaler,Wholesaler,,shiva food package Toronto
Turquoise Restaurant (Downtown Toronto),"431 Richmond St W, Toronto, ON M5V 1X9",Toronto,Ontario,M5V 1X9,+1 416-777-2240,https://turquoiserestaurants.com/,43.647770699999995,-79.3967567,4.6,1095.0,"{'Friday': ['11a.m.-11p.m.'], 'Monday': ['11a.m.-10:30p.m.'], 'Saturday': ['10:30a.m.-11p.m.'], 'Sunday': ['10:30a.m.-10:30p.m.'], 'Thursday': ['11a.m.-10:30p.m.'], 'Tuesday': ['11a.m.-10:30p.m.'], 'Wednesday': ['11a.m.-10:30p.m.']}",ChIJQTpDoTY1K4gRjsJiV56lin4,Turkish restaurant,"Turkish restaurant, Arab restaurant, Cafe, Doner kebab restaurant, Halal restaurant, Health food restaurant, Kebab shop, Middle Eastern restaurant, Restaurant, Tea house",restaurants,,shiva food package Toronto
The Mercantile,"297 Roncesvalles Ave, Toronto, ON M6R 2M3",Toronto,Ontario,M6R 2M3,+1 416-531-7563,https://www.themercantile.ca/,43.6479098,-79.4495361,4.8,106.0,"{'Friday': ['10a.m.-7p.m.'], 'Monday': ['10a.m.-7p.m.'], 'Saturday': ['10a.m.-6p.m.'], 'Sunday': ['12-6p.m.'], 'Thursday': ['10a.m.-7p.m.'], 'Tuesday': ['10a.m.-7p.m.'], 'Wednesday': ['10a.m.-7p.m.']}",ChIJNzpPDDU0K4gR_qZcthSxTF0,Gourmet grocery store,"Gourmet grocery store, Gift basket store, Novelty store, Supermarket",Gourmet grocery store,Charming store featuring gourmet specialty food items & custom gift baskets to go.,shiva food package Toronto
The Gourmet Gifts,"260 Yonge St Space E-2, Toronto, ON M4S 3E2",Toronto,Ontario,M4S 3E2,+1 866-541-8889,https://thegourmetgifts.ca/,43.698677599999996,-79.39689729999999,4.1,199.0,"{'Friday': ['8a.m.-10p.m.'], 'Monday': ['8a.m.-10p.m.'], 'Saturday': ['8a.m.-10p.m.'], 'Sunday': ['8a.m.-10p.m.'], 'Thursday': ['8a.m.-10p.m.'], 'Tuesday': ['8a.m.-10p.m.'], 'Wednesday': ['8a.m.-10p.m.']}",ChIJ9Q6wpePT1IkRlqZ6QUtSIU4,Gift basket store,Gift basket store,Gift basket store,,shiva food package Toronto
Saul Good Gift Co,"192 Spadina Ave., Toronto, ON M5T 2C2",Toronto,Ontario,M5T 2C2,+1 647-493-3213,https://www.itsaulgood.com/collections/gift-baskets-toronto,43.6499683,-79.3975425,4.9,93.0,"{'Friday': ['9a.m.-5p.m.'], 'Monday': ['9a.m.-5p.m.'], 'Saturday': ['Closed'], 'Sunday': ['Closed'], 'Thursday': ['9a.m.-5p.m.'], 'Tuesday': ['9a.m.-5p.m.'], 'Wednesday': ['9a.m.-5p.m.']}",ChIJI6bnBJM0K4gR6HcNwg2xg80,Gift basket store,"Gift basket store, Corporate gift supplier",Gift basket store,,shiva food package Toronto
Hare Krishna Temple - International Society For Krishna Consciousness (ISKCON),"243 Avenue Rd, Toronto, ON M5R 2J6",Toronto,Ontario,M5R 2J6,+1 416-922-5415,http://www.torontokrishna.com/,43.6768722,-79.39714049999999,4.9,3078.0,"{'Friday': ['4:15a.m.-12:30p.m.', '4-8:30p.m.'], 'Monday': ['4:15a.m.-12:30p.m.', '4-8:30p.m.'], 'Saturday': ['4:15a.m.-12:30p.m.', '4-8:30p.m.'], 'Sunday': ['4:15a.m.-8:30p.m.'], 'Thursday': ['4:15a.m.-12:30p.m.', '4-8:30p.m.'], 'Tuesday': ['4:15a.m.-12:30p.m.', '4-8:30p.m.'], 'Wednesday': ['4:15a.m.-12:30p.m.', '4-8:30p.m.']}",ChIJ0XGO1KA0K4gR7I8uKE8hcl8,Hindu temple,"Hindu temple, Meditation center, Organic restaurant, Religious organization, Tourist attraction",attractions,,shiva food package Toronto
Big City Catering Services Toronto,"707 Dundas St W, Toronto, ON M5T 2W6",Toronto,Ontario,M5T 2W6,+1 416-939-0715,https://www.bigcitycatering.ca/,43.651693099999996,-79.4046391,4.8,106,"{'Friday': ['9a.m.-9p.m.'], 'Monday': ['9a.m.-9p.m.'], 'Saturday': ['9a.m.-9p.m.'], 'Sunday': ['9a.m.-6p.m.'], 'Thursday': ['9a.m.-9p.m.'], 'Tuesday': ['9a.m.-9p.m.'], 'Wednesday': ['9a.m.-9p.m.']}",ChIJPZ_oWSkrK4gRWEDE0mKUEyU,Caterer,"Caterer, Catering food and drink supplier, Mobile caterer",Caterer,,bereavement catering Toronto
Smokin Bones - BBQ Catering Company,"707 Dundas St W, Toronto, ON M5T 2W6",Toronto,Ontario,M5T 2W6,+1 647-996-1575,http://www.smokinbonesbbqcatering.com/,43.651592099999995,-79.40405679999999,4.9,158,"{'Friday': ['10a.m.-7p.m.'], 'Monday': ['10a.m.-7p.m.'], 'Saturday': ['10a.m.-7p.m.'], 'Sunday': ['Closed'], 'Thursday': ['10a.m.-7p.m.'], 'Tuesday': ['10a.m.-7p.m.'], 'Wednesday': ['10a.m.-7p.m.']}",ChIJh2s75isrK4gRVNW4Lg7ospY,Caterer,Caterer,Caterer,,bereavement catering Toronto
Yorkshire Pudding Inc.,"854 The Queensway, Etobicoke, ON M8Z 1N7",Etobicoke,Ontario,M8Z 1N7,+1 416-233-9863,http://www.ypcatering.com/,43.6249495,-79.509738,5.0,167,"{'Friday': ['9a.m.-5p.m.'], 'Monday': ['9a.m.-5p.m.'], 'Saturday': ['9a.m.-3p.m.'], 'Sunday': ['9a.m.-3p.m.'], 'Thursday': ['9a.m.-5p.m.'], 'Tuesday': ['9a.m.-5p.m.'], 'Wednesday': ['9a.m.-5p.m.']}",ChIJ1dKPhzE2K4gRT2yHEltT63s,Caterer,"Caterer, Catering food and drink supplier, Frozen food manufacturer, Grocery delivery service, Wedding bakery, Wedding buffet, Wedding service",Caterer,,bereavement catering Toronto
We Cater To You,"171 E Liberty St Suite 107, Toronto, ON M6K 3P6",Toronto,Ontario,M6K 3P6,+1 647-436-3831,http://www.wecatertoyou.ca/,43.638261899999996,-79.41918609999999,4.9,72,"{'Friday': ['5a.m.-6p.m.'], 'Monday': ['5a.m.-6p.m.'], 'Saturday': ['Closed'], 'Sunday': ['Closed'], 'Thursday': ['5a.m.-6p.m.'], 'Tuesday': ['5a.m.-6p.m.'], 'Wednesday': ['5a.m.-6p.m.']}",ChIJxVnbBQQ1K4gRXbpjjWJ_h90,Caterer,"Caterer, Restaurant",Caterer,,bereavement catering Toronto
Provisions Food Agency,"109 Jefferson Ave, Toronto, ON M6K 3E4",Toronto,Ontario,M6K 3E4,+1 647-490-4699,http://www.provisionsto.com/,43.6390002,-79.4216658,4.8,73,None,ChIJfcwTi900K4gRzrXm1dnuvu8,Caterer,Caterer,Caterer,,bereavement catering Toronto
Vert Casse-Croûte + Catering,"1112 Dundas St W, Toronto, ON M6J 1X2",Toronto,Ontario,M6J 1X2,+1 416-535-2412,https://www.vertcassecroute.com/,43.64973,-79.42012179999999,4.9,52,"{'Friday': ['9a.m.-5p.m.'], 'Monday': ['9a.m.-5p.m.'], 'Saturday': ['Closed'], 'Sunday': ['Closed'], 'Thursday': ['9a.m.-5p.m.'], 'Tuesday': ['9a.m.-5p.m.'], 'Wednesday': ['9a.m.-5p.m.']}",ChIJu4CfzmY0K4gREs_JVqa_vGg,Caterer,Caterer,Caterer,,bereavement catering Toronto
Seventh Heaven Event Catering,"333 Evans Ave., Etobicoke, ON M8Z 1K2",CA,Ontario,M8Z 1K2,+1 416-340-7753,https://www.seventhheaven.ca/,43.6145631,-79.51986769999999,4.8,94,"{'Friday': ['8a.m.-5p.m.'], 'Monday': ['8a.m.-5p.m.'], 'Saturday': ['Closed'], 'Sunday': ['Closed'], 'Thursday': ['8a.m.-5p.m.'], 'Tuesday': ['8a.m.-5p.m.'], 'Wednesday': ['8a.m.-5p.m.']}",ChIJWXLsWhxTV0ARYaTGF3pEG18,Caterer,"Caterer, Banquet hall, Catering food and drink supplier, Delivery Service, Event management company, Event planner, Event venue, Food and beverage consultant, Party planner, Wedding service",Caterer,,bereavement catering Toronto
Gourmet Catering Co.,"King St W, Toronto, ON M5V 1N9",Toronto,Ontario,M5V 1N9,+1 647-270-6000,http://www.gourmetcateringco.com/,43.6420112,-79.4114973,5.0,12,"{'Friday': ['9a.m.-8p.m.'], 'Monday': ['9a.m.-8p.m.'], 'Saturday': ['10a.m.-6p.m.'], 'Sunday': ['10a.m.-6p.m.'], 'Thursday': ['9a.m.-8p.m.'], 'Tuesday': ['9a.m.-8p.m.'], 'Wednesday': ['9a.m.-8p.m.']}",ChIJPyQDpLU1K4gRuhDda8r1NTk,Caterer,Caterer,Caterer,,bereavement catering Toronto
Celebrations of Life Toronto,"Old Mill Dr, York, ON M6S 0A2",CA,Ontario,M6S 0A2,+1 416-817-8772,https://www.cofl.ca/,43.6483104,-79.4867718,5.0,18,"{'Friday': ['10a.m.-8p.m.'], 'Monday': ['10a.m.-8p.m.'], 'Saturday': ['10a.m.-8p.m.'], 'Sunday': ['10a.m.-8p.m.'], 'Thursday': ['10a.m.-8p.m.'], 'Tuesday': ['10a.m.-8p.m.'], 'Wednesday': ['10a.m.-8p.m.']}",ChIJw37N80g3K4gR9a7rF5RokjY,Event planner,Event planner,Event planner,,bereavement catering Toronto
Tasty Solutions,"295 Adelaide St W, Toronto, ON M5V 0L4",Toronto,Ontario,M5V 0L4,+1 416-832-0441,http://www.tastysolutions.ca/,43.647644,-79.3904803,5.0,78,"{'Friday': ['Open 24 hours'], 'Monday': ['Open 24 hours'], 'Saturday': ['Open 24 hours'], 'Sunday': ['Open 24 hours'], 'Thursday': ['Open 24 hours'], 'Tuesday': ['Open 24 hours'], 'Wednesday': ['Open 24 hours']}",ChIJuahH0mM0K4gRAubCKpVgOqM,Caterer,Caterer,Caterer,,bereavement catering Toronto
en Ville Event Design & Catering | Toronto Wedding Catering,"165 Geary Ave, Toronto, ON M6H 2B8",Toronto,Ontario,M6H 2B8,+1 416-533-8800,https://enville.com/,43.6700435,-79.4359509,4.7,119,"{'Friday': ['9a.m.-5p.m.'], 'Monday': ['9a.m.-5p.m.'], 'Saturday': ['Closed'], 'Sunday': ['Closed'], 'Thursday': ['9a.m.-5p.m.'], 'Tuesday': ['9a.m.-5p.m.'], 'Wednesday': ['9a.m.-5p.m.']}",ChIJGfkgYm80K4gRgixIbnIwU0I,Caterer,"Caterer, Event planner",Caterer,,bereavement catering Toronto
ThinkOFood Chef Catering,"31 Paxtonia Blvd, North York, ON M3K 1W1",CA,Ontario,M3K 1W1,+1 437-981-2618,https://www.thinkofood.com/,43.729148699999996,-79.4800101,5.0,136,"{'Friday': ['8a.m.-8p.m.'], 'Monday': ['8a.m.-8p.m.'], 'Saturday': ['8a.m.-8p.m.'], 'Sunday': ['8a.m.-8p.m.'], 'Thursday': ['8a.m.-8p.m.'], 'Tuesday': ['8a.m.-8p.m.'], 'Wednesday': ['8a.m.-8p.m.']}",ChIJNa41TUMxK4gRr8sPFtGKXIc,Caterer,"Caterer, Personal chef service",Caterer,,bereavement catering Toronto
Heirloom Toronto (Catering & Food Trucks),"289 Horner Ave A, Etobicoke, ON M8Z 0A9",Etobicoke,Ontario,M8Z 0A9,+1 647-284-6084,http://www.heirloomtoronto.com/,43.606277299999995,-79.523861,4.9,191,None,ChIJEdWrGOtJK4gRIOxJpHiRmFY,Caterer,Caterer,Caterer,,bereavement catering Toronto
Baby Point Lounge,"343 Jane St, Toronto, ON M6S 3Z3",Toronto,Ontario,M6S 3Z3,+1 416-767-2623,http://www.babypointlounge.com/,43.657333699999995,-79.4873715,4.8,77,"{'Friday': ['11:30a.m.-6:30p.m.'], 'Monday': ['Closed'], 'Saturday': ['11:30a.m.-6:30p.m.'], 'Sunday': ['11a.m.-5p.m.'], 'Thursday': ['11:30a.m.-6:30p.m.'], 'Tuesday': ['Closed'], 'Wednesday': ['11:30a.m.-6:30p.m.']}",ChIJM7uI2Y02K4gROA1LsR2-36U,Caterer,"Caterer, Banquet hall",Caterer,,bereavement catering Toronto
Elle Cuisine,"56 Hampton Ave, Toronto, ON M4K 2Y6",Toronto,Ontario,M4K 2Y6,+1 647-430-3553,https://www.ellecuisine.ca/%3Futm_source%3DGMB%26utm_medium%3Dorganic%26utm_campaign%3Dgmb-website,43.673497399999995,-79.3513747,4.9,155,"{'Friday': ['9a.m.-9p.m.'], 'Monday': ['9a.m.-9p.m.'], 'Saturday': ['9a.m.-9p.m.'], 'Sunday': ['9a.m.-9p.m.'], 'Thursday': ['9a.m.-9p.m.'], 'Tuesday': ['9a.m.-9p.m.'], 'Wednesday': ['9a.m.-9p.m.']}",ChIJ0RLtEGLL1IkRj2qv2n_NxBs,Caterer,"Caterer, Catering food and drink supplier, Mobile caterer",Caterer,,bereavement catering Toronto
Europa Catering Ltd,"1407 Dundas St W, Toronto, ON M6J 1Y4",Toronto,Ontario,M6J 1Y4,+1 416-534-5520,https://europaconventioncentre.ca/,43.6493184,-79.4288516,4.3,167,"{'Friday': ['9a.m.-7p.m.'], 'Monday': ['9a.m.-7p.m.'], 'Saturday': ['9a.m.-4p.m.'], 'Sunday': ['Closed'], 'Thursday': ['9a.m.-7p.m.'], 'Tuesday': ['9a.m.-7p.m.'], 'Wednesday': ['9a.m.-7p.m.']}",ChIJnWzZj1Y0K4gRX6YBny9xtP0,Caterer,Caterer,Caterer,,bereavement catering Toronto
Best Catering Co,"28 Bathurst St, Toronto, ON M5V 0C6",Toronto,Ontario,M5V 0C6,+1 647-792-8508,https://www.bestcatering.co/,43.6405841,-79.4025671,5.0,23,"{'Friday': ['9a.m.-9p.m.'], 'Monday': ['Closed'], 'Saturday': ['9a.m.-9p.m.'], 'Sunday': ['9a.m.-9p.m.'], 'Thursday': ['9a.m.-9p.m.'], 'Tuesday': ['9a.m.-9p.m.'], 'Wednesday': ['9a.m.-9p.m.']}",ChIJP59WADI1K4gRmTr3wPpxG5U,Catering food and drink supplier,Catering food and drink supplier,Catering food and drink supplier,,bereavement catering Toronto
Oliver & Bonacini Events and Catering,"401 Bay St. 9th Floor, Toronto, ON M5H 2Y4",Toronto,Ontario,M5H 2Y4,+1 416-364-1211,http://www.oliverbonacinievents.com/,43.651951499999996,-79.3810598,4.5,83,None,ChIJaSC63sw0K4gRa0kVfxQ9U8s,Caterer,"Caterer, Catering food and drink supplier, Event planner, Event management company",Event planner,,bereavement catering Toronto
Emma's Eatery Catering,"Summerhill Ave, Toronto, ON M4T 1A9",Toronto,Ontario,M4T 1A9,+1 416-577-7944,http://www.emmaseaterycatering.com/,43.683282,-79.39013969999999,5.0,7,"{'Friday': ['9a.m.-5p.m.'], 'Monday': ['9a.m.-5p.m.'], 'Saturday': ['Closed'], 'Sunday': ['Closed'], 'Thursday': ['9a.m.-5p.m.'], 'Tuesday': ['9a.m.-5p.m.'], 'Wednesday': ['9a.m.-5p.m.']}",ChIJtWVhylAzK4gRyw_7sst6qkA,Caterer,Caterer,Caterer,,bereavement catering Toronto
Marcello's Catering,"145 King St W Unit #1C, Toronto, ON M5H 4G2",Toronto,Ontario,M5H 4G2,+1 416-860-0300,https://marcelloscatering.ca/,43.647473399999996,-79.3839517,4.0,50,"{'Friday': ['5:30a.m.-5p.m.'], 'Monday': ['5:30a.m.-5p.m.'], 'Saturday': ['Closed'], 'Sunday': ['Closed'], 'Thursday': ['5:30a.m.-5p.m.'], 'Tuesday': ['5:30a.m.-5p.m.'], 'Wednesday': ['5:30a.m.-5p.m.']}",ChIJge4TamM1K4gRqwPw25xU-20,Caterer,"Caterer, Restaurant",Caterer,,bereavement catering Toronto
The Food Dudes,"24 Carlaw Ave #2, Toronto, ON M4M 2R7",Toronto,Ontario,M4M 2R7,+1 647-340-3833,http://www.thefooddudes.com/,43.656078199999996,-79.3381562,4.6,320,"{'Friday': ['10a.m.-5p.m.'], 'Monday': ['10a.m.-5a.m.'], 'Saturday': ['Closed'], 'Sunday': ['Closed'], 'Thursday': ['10a.m.-5p.m.'], 'Tuesday': ['10a.m.-5a.m.'], 'Wednesday': ['10a.m.-5p.m.']}",ChIJkzUcvLM0K4gRDCWv3vsTWhI,Caterer,Caterer,Caterer,,bereavement catering Toronto
Vinci Catering & Event Planning,"168 The Queensway, Toronto, ON M8Y 1J3",Toronto,Ontario,M8Y 1J3,+1 416-251-4141,https://vincicatering.ca/,43.630304599999995,-79.4854774,5.0,41,"{'Friday': ['9a.m.-5p.m.'], 'Monday': ['9a.m.-5p.m.'], 'Saturday': ['10a.m.-3p.m.'], 'Sunday': ['Closed'], 'Thursday': ['9a.m.-5p.m.'], 'Tuesday': ['9a.m.-5p.m.'], 'Wednesday': ['9a.m.-5p.m.']}",ChIJKUBRMhM2K4gRRzocoRDGJDc,Caterer,"Caterer, Gourmet grocery store, Italian grocery store",Caterer,,bereavement catering Toronto
GREEK & CO CATERING,"756 Queen St W, Toronto, ON M6J 1E9",Toronto,Ontario,M6J 1E9,+1 647-640-5883,http://greekandco.com/,43.6460873,-79.4104045,4.1,315,"{'Friday': ['10a.m.-6:30p.m.'], 'Monday': ['10a.m.-6:30p.m.'], 'Saturday': ['10a.m.-6:30p.m.'], 'Sunday': ['10a.m.-6:30p.m.'], 'Thursday': ['10a.m.-6:30p.m.'], 'Tuesday': ['10a.m.-6:30p.m.'], 'Wednesday': ['10a.m.-6:30p.m.']}",ChIJ3UFWluM0K4gRpqvUH6SCk_A,Caterer,"Caterer, Catering food and drink supplier, Mobile caterer",Caterer,Trendy counter-serve Greek spot plating classic far made with locally sourced meat & imported feta.,bereavement catering Toronto
Cleese Catering,"11 Carlaw Ave #14, Toronto, ON M4M 2R6",Toronto,Ontario,M4M 2R6,+1 416-463-3895,http://cleesecatering.com/,43.6560509,-79.3378805,4.9,77,"{'Friday': ['8a.m.-5p.m.'], 'Monday': ['8a.m.-5p.m.'], 'Saturday': ['Closed'], 'Sunday': ['Closed'], 'Thursday': ['8a.m.-5p.m.'], 'Tuesday': ['8a.m.-5p.m.'], 'Wednesday': ['8a.m.-5p.m.']}",ChIJy2JTDXrL1IkR_oyy5RdfifA,Caterer,Caterer,Caterer,,bereavement catering Toronto
McEwan Catering,"CF Shops at, 38 Karl Fraser Rd, Toronto, ON M3C 0H7",Toronto,Ontario,M3C 0H7,+1 416-444-6262,https://mcewancatering.com/%3Futm_source%3DGoogle%26utm_medium%3DGoogleBusiness%26utm_campaign%3DOrganic,43.736433999999996,-79.3451367,4.5,126,"{'Friday': ['8a.m.-5p.m.'], 'Monday': ['8a.m.-5p.m.'], 'Saturday': ['8a.m.-4p.m.'], 'Sunday': ['Closed'], 'Thursday': ['8a.m.-5p.m.'], 'Tuesday': ['8a.m.-5p.m.'], 'Wednesday': ['8a.m.-5p.m.']}",ChIJbQmjDXs1K4gRwNMOCF8OCOI,Caterer,"Caterer, Catering food and drink supplier",Caterer,,bereavement catering Toronto
Revol Events,"388 Carlaw Ave Unit W12, Toronto, ON M4M 1T8",Toronto,Ontario,M4M 1T8,+1 289-802-4779,https://www.revolevents.com/catering%3Futm_campaign%3Dgmb%26utm_medium%3Dorganic%26utm_source%3Dgooglebusinessprofile,43.665197899999995,-79.3427885,4.7,187,"{'Friday': ['8a.m.-5p.m.'], 'Monday': ['8a.m.-5p.m.'], 'Saturday': ['Closed'], 'Sunday': ['Closed'], 'Thursday': ['8a.m.-5p.m.'], 'Tuesday': ['8a.m.-5p.m.'], 'Wednesday': ['8a.m.-5p.m.']}",ChIJNepgYCnL1IkRMaTLMJHGVbE,Caterer,"Caterer, Event planner",Caterer,,bereavement catering Toronto
TASTE Culinary & Healthy Kidz Catering,"1961 Leslie St, North York, ON M3B 2M3",CA,Ontario,M3B 2M3,+1 416-569-2058,http://www.tasteculinary.ca/,43.7581396,-79.3598555,5.0,75,"{'Friday': ['7p.m.-12a.m.'], 'Monday': ['7a.m.-5p.m.'], 'Saturday': ['12a.m.-5p.m.'], 'Sunday': ['Closed'], 'Thursday': ['7a.m.-5p.m.'], 'Tuesday': ['7a.m.-5p.m.'], 'Wednesday': ['7a.m.-5p.m.']}",ChIJ71giBiEzK4gRGDbKfgnt_Kc,Caterer,"Caterer, Catering food and drink supplier",Caterer,,bereavement catering Toronto
Menchens Glatt Kosher Catering,"470 Glencairn Ave, North York, ON M5N 1V8",North York,Ontario,M5N 1V8,+1 416-638-8381,http://menchens.ca/,43.7131482,-79.4270367,4.7,50,"{'Friday': ['9a.m.-4p.m.'], 'Monday': ['9a.m.-5p.m.'], 'Saturday': ['Closed'], 'Sunday': ['Closed'], 'Thursday': ['9a.m.-5p.m.'], 'Tuesday': ['9a.m.-5p.m.'], 'Wednesday': ['9a.m.-5p.m.']}",ChIJM5QeeWwyK4gR-m_yZt4Pm24,Caterer,Caterer,Caterer,,kosher caterer Toronto
Marron Bistro,"948 Eglinton Ave W, Toronto, ON M6C 2C5",Toronto,Ontario,M6C 2C5,+1 416-784-0128,http://www.marronbistro.com/,43.70054,-79.428673,4.6,181,"{'Friday': ['Closed'], 'Monday': ['5-10p.m.'], 'Saturday': ['Closed'], 'Sunday': ['5-10p.m.'], 'Thursday': ['5-10p.m.'], 'Tuesday': ['5-10p.m.'], 'Wednesday': ['5-10p.m.']}",ChIJVfQtep8zK4gRODiOsdtDWXY,Kosher restaurant,"Kosher restaurant, Bistro, Fine dining restaurant",restaurants,Kosher French dishes plus burgers & steak served in a refined dining room with leather banquettes.,kosher caterer Toronto
Chagall,"18 St Thomas St, Toronto, ON M5S 3E7",Toronto,Ontario,M5S 3E7,+1 416-934-6037,http://chagallto.com/,43.6687836,-79.3913129,4.5,29,"{'Friday': ['Closed'], 'Monday': ['5:30-10p.m.'], 'Saturday': ['Closed'], 'Sunday': ['5:30-10p.m.'], 'Thursday': ['5:30-10p.m.'], 'Tuesday': ['5:30-10p.m.'], 'Wednesday': ['5:30-10p.m.']}",ChIJqQ1pAbA0K4gRRvNZFN_4Ilo,Kosher restaurant,Kosher restaurant,restaurants,,kosher caterer Toronto
Gladstone's Caterers,"7026 Bathurst St, Toronto, ON L4J 8K3",Toronto,Ontario,L4J 8K3,+1 416-822-7056,http://gladstonescaterer.com/,43.794648599999995,-79.4470946,5.0,36,"{'Friday': ['9a.m.-8p.m.'], 'Monday': ['9a.m.-8p.m.'], 'Saturday': ['Closed'], 'Sunday': ['9a.m.-8p.m.'], 'Thursday': ['9a.m.-8p.m.'], 'Tuesday': ['9a.m.-8p.m.'], 'Wednesday': ['9a.m.-8p.m.']}",ChIJ9d2I1FktK4gRKLsnnBFogRM,Caterer,"Caterer, Kosher restaurant",Caterer,,kosher caterer Toronto
Chef Aviv Moshe,"325 Bogert Ave, Toronto, ON M2N 1L8",Toronto,Ontario,M2N 1L8,+1 647-823-5550,https://www.chefavivmoshe.com/,43.756824599999995,-79.4273561,4.9,63,"{'Friday': ['9a.m.-8p.m.'], 'Monday': ['9a.m.-8p.m.'], 'Saturday': ['9a.m.-8:30p.m.'], 'Sunday': ['9a.m.-8p.m.'], 'Thursday': ['9a.m.-8p.m.'], 'Tuesday': ['9a.m.-8p.m.'], 'Wednesday': ['9a.m.-8p.m.']}",ChIJpfpUQc0zK4gRvw5sTvklA7A,Caterer,Caterer,Caterer,,kosher caterer Toronto
BY DAVE,"3600 Bathurst St, North York, ON M6A 2C9",North York,Ontario,M6A 2C9,+1 647-344-3283,http://www.bydave.ca/,43.7310903,-79.4331594,4.8,28,"{'Friday': ['9a.m.-3p.m.'], 'Monday': ['9a.m.-5p.m.'], 'Saturday': ['Closed'], 'Sunday': ['Closed'], 'Thursday': ['9a.m.-5p.m.'], 'Tuesday': ['9a.m.-5p.m.'], 'Wednesday': ['9a.m.-5p.m.']}",ChIJhSBdCzkzK4gRNd0AoxgkciU,Caterer,"Caterer, Catering food and drink supplier",Caterer,,kosher caterer Toronto
Jacobs Catering,"1 Viewmount Ave, North York, ON M6B 1T2",North York,Ontario,M6B 1T2,+1 905-886-3832,https://www.jacobscatering.ca/,43.7102268,-79.4279928,3.0,3,"{'Friday': ['9a.m.-4p.m.'], 'Monday': ['9a.m.-5:30p.m.'], 'Saturday': ['Closed'], 'Sunday': ['12-3p.m.'], 'Thursday': ['9a.m.-5:30p.m.'], 'Tuesday': ['9a.m.-5:30p.m.'], 'Wednesday': ['9a.m.-5:30p.m.']}",ChIJsXHceKgzK4gR2ET9bVD1VSQ,Caterer,Caterer,Caterer,,kosher caterer Toronto
Noushe,"200 Carlton St., Toronto, ON M5A 2L1",Toronto,Ontario,M5A 2L1,+1 416-466-9595,http://noushe.com/,43.663951999999995,-79.3704786,4.9,69,"{'Friday': ['9a.m.-5p.m.'], 'Monday': ['9a.m.-5p.m.'], 'Saturday': ['9a.m.-5p.m.'], 'Sunday': ['Closed'], 'Thursday': ['9a.m.-5p.m.'], 'Tuesday': ['9a.m.-5p.m.'], 'Wednesday': ['9a.m.-5p.m.']}",ChIJmZqqzsPL1IkR1gMP2Oi2Z3E,Caterer,"Caterer, Event management company, Food producer, Grocery delivery service",Caterer,,kosher caterer Toronto
Mashu Mashu Mediterranean Grill,"387 Spadina Rd, Toronto, ON M5P 2W1",Toronto,Ontario,M5P 2W1,+1 416-840-0848,http://www.mashumashu.ca/,43.6883304,-79.4123591,4.4,577,"{'Friday': ['11:30a.m.-9p.m.'], 'Monday': ['11:30a.m.-9p.m.'], 'Saturday': ['11:30a.m.-9p.m.'], 'Sunday': ['11:30a.m.-9p.m.'], 'Thursday': ['11:30a.m.-9p.m.'], 'Tuesday': ['11:30a.m.-9p.m.'], 'Wednesday': ['11:30a.m.-9p.m.']}",ChIJjdufF2UzK4gRgY-SpZNClao,Caterer,"Caterer, Mediterranean restaurant, Family restaurant, Delivery Restaurant, Takeout Restaurant",restaurants,Bright restaurant known for a menu of creative & traditional Mediterranean & Middle Eastern fare.,kosher caterer Toronto
Bubby's New York Bagels & Soho Sushi,"3035 Bathurst St, North York, ON M6B 3B5",North York,Ontario,M6B 3B5,+1 416-862-2435,http://www.bubbysbagels.com/,43.7183068,-79.4292627,4.5,360,"{'Friday': ['6:30a.m.-4p.m.'], 'Monday': ['6:30a.m.-6:30p.m.'], 'Saturday': ['Closed'], 'Sunday': ['7a.m.-4p.m.'], 'Thursday': ['6:30a.m.-6:30p.m.'], 'Tuesday': ['6:30a.m.-6:30p.m.'], 'Wednesday': ['6:30a.m.-6:30p.m.']}",ChIJnw_JEqszK4gRbGhkfWW0J_Q,Bagel shop,Bagel shop,Bagel shop,,kosher caterer Toronto
Royal Dairy Cafe & Catering,"10 Disera Dr Unit 100, Thornhill, ON L4J 0A7",Thornhill,Ontario,L4J 0A7,+1 647-948-7613,https://www.royaldairycafe.com/,43.8106965,-79.4543032,4.9,122,"{'Friday': ['7a.m.-3p.m.'], 'Monday': ['7a.m.-10p.m.'], 'Saturday': ['8-10p.m.'], 'Sunday': ['7a.m.-10p.m.'], 'Thursday': ['7a.m.-10p.m.'], 'Tuesday': ['7a.m.-10p.m.'], 'Wednesday': ['7a.m.-10p.m.']}",ChIJPW16CikqK4gRVE3wpOOZXq0,Caterer,"Caterer, Bakery, Breakfast restaurant, Cake shop, Cafe, Dessert restaurant, Kosher restaurant",cafes,,kosher caterer Toronto
Tov-Li,"3523 Bathurst St, North York, ON M6A 2C7",North York,Ontario,M6A 2C7,+1 416-650-9800,http://www.tovlipizza.com/,43.7294133,-79.4317986,4.2,427,"{'Friday': ['Closed'], 'Monday': ['11a.m.-8p.m.'], 'Saturday': ['Closed'], 'Sunday': ['11a.m.-8p.m.'], 'Thursday': ['11a.m.-8p.m.'], 'Tuesday': ['11a.m.-8p.m.'], 'Wednesday': ['11a.m.-8p.m.']}",ChIJM34CpVAyK4gRZYZOUwd9hzw,Caterer,"Caterer, Pizza restaurant, Falafel restaurant, Kosher restaurant",restaurants,"Low-key kosher restaurant serving falafel, salads, pasta & pizza plus all-day breakfast.",kosher caterer Toronto
Mr. Iceberg Ice Cream Truck Toronto,"837 Roselawn Ave, York, ON M6B 1B5",CA,Ontario,M6B 1B5,+1 416-559-8455,https://icecreamtrucks.ca/,43.7023377,-79.4397576,4.2,140,"{'Friday': ['9a.m.-10p.m.'], 'Monday': ['9a.m.-10p.m.'], 'Saturday': ['9a.m.-10p.m.'], 'Sunday': ['9a.m.-10:30p.m.'], 'Thursday': ['9a.m.-10p.m.'], 'Tuesday': ['9a.m.-10p.m.'], 'Wednesday': ['9a.m.-10p.m.']}",ChIJ4Tf7gr0zK4gRMnhCgTI7t1k,Caterer,"Caterer, Ice cream shop, Dessert shop, Frozen dessert supplier, Mobile caterer, Party equipment rental service, Party planner",Ice cream shop,,kosher caterer Toronto
Kashruth Council of Canada- COR,"215 Ranee Ave, Toronto, ON M6A 0C7",Toronto,Ontario,M6A 0C7,+1 416-635-9550,http://www.cor.ca/,43.7237742,-79.4457814,5.0,15,"{'Friday': ['9a.m.-1p.m.'], 'Monday': ['9a.m.-4:30p.m.'], 'Saturday': ['Closed'], 'Sunday': ['Closed'], 'Thursday': ['9a.m.-4:30p.m.'], 'Tuesday': ['9a.m.-4:30p.m.'], 'Wednesday': ['9a.m.-4:30p.m.']}",ChIJZ4NkMMwzK4gRfRhYIiyk7v4,Religious organization,"Religious organization, Advertising, Food, Food production, Non-profit organization",Religious organization,,kosher caterer Toronto
Koshertrends by Mona Pasternak,"363 Canarctic Dr, North York, ON M3J 2P9",North York,Ontario,M3J 2P9,+1 416-665-6662,http://www.koshertrends.com/,43.775884,-79.4877435,4.5,11,"{'Friday': ['9a.m.-1p.m.'], 'Monday': ['8a.m.-5p.m.'], 'Saturday': ['Closed'], 'Sunday': ['Closed'], 'Thursday': ['8a.m.-5p.m.'], 'Tuesday': ['8a.m.-5p.m.'], 'Wednesday': ['8a.m.-5p.m.']}",ChIJh58VuBMuK4gRHE01rSQRe6M,Catering food and drink supplier,Catering food and drink supplier,Catering food and drink supplier,,kosher caterer Toronto
Bistro Grande,"1000 Eglinton Ave W, Toronto, ON M6C 2C5",Toronto,Ontario,M6C 2C5,+1 416-782-3302,https://www.bistrogrande.com/,43.7003554,-79.4296134,4.4,259,"{'Friday': ['Closed'], 'Monday': ['12-9p.m.'], 'Saturday': ['Closed'], 'Sunday': ['12-9p.m.'], 'Thursday': ['12-9p.m.'], 'Tuesday': ['12-9p.m.'], 'Wednesday': ['12-9p.m.']}",ChIJNTT_aZ8zK4gRcanMTxdSdQk,Kosher restaurant,"Kosher restaurant, Israeli restaurant, Restaurant, Mediterranean restaurant",restaurants,"Smart, casual spot for eclectic kosher fare in an elegant cream dining area or on the patio.",kosher catering large groups Toronto
Prime on Avenue,"1960 Avenue Rd, North York, ON M5M 4A4",North York,Ontario,M5M 4A4,+1 647-344-6099,https://www.primeonavenue.com/,43.7343056,-79.4200036,4.5,275,"{'Friday': ['Closed'], 'Monday': ['4-9:30p.m.'], 'Saturday': ['Closed'], 'Sunday': ['4-9:30p.m.'], 'Thursday': ['4-9:30p.m.'], 'Tuesday': ['4-9:30p.m.'], 'Wednesday': ['4-9:30p.m.']}",ChIJ68GXB6MzK4gRKdOEx7KWJgg,Kosher restaurant,"Kosher restaurant, Restaurant, Steak house",restaurants,,kosher catering large groups Toronto
Hermes,"2885 Bathurst St, Old Toronto, ON M6B 3A4",Old Toronto,Ontario,M6B 3A4,+1 416-787-1234,http://www.hermesbakery.com/,43.714100699999996,-79.4282309,4.3,134,"{'Friday': ['6a.m.-3p.m.'], 'Monday': ['6a.m.-11p.m.'], 'Saturday': ['Closed'], 'Sunday': ['6a.m.-11p.m.'], 'Thursday': ['6a.m.-11p.m.'], 'Tuesday': ['6a.m.-11p.m.'], 'Wednesday': ['6a.m.-11p.m.']}",ChIJme9WdKkzK4gRD8gYFC-Uk0w,Kosher grocery store,"Kosher grocery store, Bakery, Supermarket, Wedding bakery, Wholesale bakery",Bakery,"Sabbath-observant kosher bakery with housemade treats, breads, cakes & savoury platters.",kosher catering large groups Toronto
Bubby’s New York Diner,"3025 Bathurst St, North York, ON M6B 3B6",North York,Ontario,M6B 3B6,+1 416-862-2435,http://www.bubbysbagels.com/,43.718146399999995,-79.4291566,4.3,115,"{'Friday': ['9:30a.m.-12:30p.m.'], 'Monday': ['11:30a.m.-10p.m.'], 'Saturday': ['Closed'], 'Sunday': ['11:30a.m.-10p.m.'], 'Thursday': ['11:30a.m.-12a.m.'], 'Tuesday': ['11:30a.m.-10p.m.'], 'Wednesday': ['11:30a.m.-10p.m.']}",ChIJmSfUc-AzK4gRJTHzX1jw1NY,Kosher restaurant,"Kosher restaurant, Chicken wings restaurant, Hamburger restaurant, Meat dish restaurant",restaurants,,kosher catering large groups Toronto
Haymishe Bakery,"3031 Bathurst St, Toronto, ON M6B 3B5",Toronto,Ontario,M6B 3B5,+1 416-781-4212,http://haymishebakery.com/,43.718252799999995,-79.42920769999999,4.4,164,"{'Friday': ['6a.m.-2:30p.m.'], 'Monday': ['7a.m.-7p.m.'], 'Saturday': ['6:30-11:30p.m.'], 'Sunday': ['7a.m.-7p.m.'], 'Thursday': ['7a.m.-7p.m.'], 'Tuesday': ['7a.m.-7p.m.'], 'Wednesday': ['7a.m.-7p.m.']}",ChIJY9MnEqszK4gRHbOEjsBFHuo,Kosher restaurant,"Kosher restaurant, Cake shop, Bakery, Pastry shop",Bakery,,kosher catering large groups Toronto
Dave's Genuine Deli,"1763 Avenue Rd, Toronto, ON M5M 3Y8",Toronto,Ontario,M5M 3Y8,+1 416-787-3354,http://www.davesgenuine.ca/,43.7294136,-79.4183121,4.5,369,"{'Friday': ['10a.m.-8p.m.'], 'Monday': ['10a.m.-8p.m.'], 'Saturday': ['10a.m.-8p.m.'], 'Sunday': ['10a.m.-8p.m.'], 'Thursday': ['10a.m.-8p.m.'], 'Tuesday': ['10a.m.-8p.m.'], 'Wednesday': ['10a.m.-8p.m.']}",ChIJO30KurYvK4gRVyRPm5odnlA,Bar,"Bar, Restaurant, Catering food and drink supplier, Deli, Jewish restaurant, Takeout Restaurant",restaurants,,kosher catering large groups Toronto
The Chicken Nest,"3038 Bathurst St, North York, ON M6B 4K1",North York,Ontario,M6B 4K1,+1 416-787-6378,http://thechickennest.ca/,43.7185493,-79.42988009999999,4.4,378,"{'Friday': ['Closed'], 'Monday': ['11:30a.m.-10:45p.m.'], 'Saturday': ['Closed'], 'Sunday': ['1-10:45p.m.'], 'Thursday': ['11:30a.m.-10:45p.m.'], 'Tuesday': ['11:30a.m.-10:45p.m.'], 'Wednesday': ['11:30a.m.-10:45p.m.']}",ChIJFeeEa6szK4gROM20N9_47zs,Kosher restaurant,"Kosher restaurant, Chicken restaurant, Hamburger restaurant, Sandwich shop, Steak house",restaurants,"Casual, no-frills provider of kosher poultry & rib dishes, plus light American fare like salads.",kosher platters delivery Toronto
Bay St Deli Kosher,"40 Bay St., Toronto, ON M5J 2X8",Toronto,Ontario,M5J 2X8,,,43.6437007,-79.3784421,4.3,10,None,ChIJ20v2wFLL1IkRl3TybI1tHxA,Kosher restaurant,Kosher restaurant,restaurants,,kosher platters delivery Toronto
Dr. Laffa Restaurant,"3027 Bathurst St, North York, ON M6B 3B5",North York,Ontario,M6B 3B5,+1 647-352-9000,http://drlaffa.com/,43.729291499999995,-79.4318231,3.9,927,"{'Friday': ['11a.m.-2p.m.'], 'Monday': ['11a.m.-9p.m.'], 'Saturday': ['Closed'], 'Sunday': ['11a.m.-9p.m.'], 'Thursday': ['11a.m.-9p.m.'], 'Tuesday': ['11a.m.-9p.m.'], 'Wednesday': ['11a.m.-9p.m.']}",ChIJIbVz-XQuK4gRdgGCva8ZrH8,Kosher restaurant,"Kosher restaurant, Middle Eastern restaurant, Mediterranean restaurant",restaurants,"Unassuming kosher counter-serve spot serving falafel, shawarma & other Middle Eastern favourites.",kosher platters delivery Toronto
Yours Truly Meat Co.,"3500 Bathurst St, North York, ON M6A 2C6",CA,Ontario,M6A 2C6,+1 416-663-7779,http://yourstrulymeat.com/,43.7290023,-79.43243799999999,4.9,16,"{'Friday': ['7a.m.-2p.m.'], 'Monday': ['8a.m.-7p.m.'], 'Saturday': ['Closed'], 'Sunday': ['9a.m.-6p.m.'], 'Thursday': ['8a.m.-8p.m.'], 'Tuesday': ['8a.m.-7p.m.'], 'Wednesday': ['8a.m.-7p.m.']}",ChIJRQHELl0zK4gRS3ZB6clqgkI,Meat processor,"Meat processor, Butcher shop, Deli Shop, Food producer",Meat processor,,kosher platters delivery Toronto
Pancer's Original Deli,"3856 Bathurst St, North York, ON M3H 3N3",CA,Ontario,M3H 3N3,+1 416-636-1230,http://www.pancersoriginaldeli.com/,43.7407951,-79.43537839999999,4.6,1612,"{'Friday': ['10a.m.-7:20p.m.'], 'Monday': ['10a.m.-7:20p.m.'], 'Saturday': ['10a.m.-7:20p.m.'], 'Sunday': ['10a.m.-7:20p.m.'], 'Thursday': ['10a.m.-7:20p.m.'], 'Tuesday': ['10a.m.-7:20p.m.'], 'Wednesday': ['10a.m.-7:20p.m.']}",ChIJIckrvGcyK4gRJ2lNTEcu0M4,Deli,"Deli, Canadian restaurant, Deli Shop, Family restaurant, Jewish restaurant",Deli,"Long-running, bare-bones spot known for its pastrami sandwiches & Jewish deli staples.",kosher platters delivery Toronto
Romi's,"744 St Clair Ave W, York, ON M6C 1B5",CA,Ontario,M6C 1B5,+1 416-656-1525,http://romisbakery.com/,43.6814077,-79.42790529999999,4.5,826,"{'Friday': ['9a.m.-9:30p.m.'], 'Monday': ['9a.m.-9:30p.m.'], 'Saturday': ['9a.m.-10p.m.'], 'Sunday': ['9a.m.-9:30p.m.'], 'Thursday': ['9a.m.-9:30p.m.'], 'Tuesday': ['9a.m.-9:30p.m.'], 'Wednesday': ['9a.m.-9:30p.m.']}",ChIJnR7PixA1K4gRIXggE8MbVls,Israeli restaurant,Israeli restaurant,restaurants,,kosher platters delivery Toronto
Protein Chefs - Toronto Healthy Meal Delivery,"123 Edward St suite 200 v2, Toronto, ON M5G 0A8",Toronto,Ontario,M5G 0A8,+1 833-585-1613,https://proteinchefs.com/pages/north-york-healthy-meal-delivery-company/,43.6556211,-79.3867882,4.7,119,"{'Friday': ['9a.m.-5p.m.'], 'Monday': ['9a.m.-5p.m.'], 'Saturday': ['9a.m.-5p.m.'], 'Sunday': ['9a.m.-5p.m.'], 'Thursday': ['9a.m.-5p.m.'], 'Tuesday': ['9a.m.-5p.m.'], 'Wednesday': ['9a.m.-5p.m.']}",ChIJEbBtI8o1K4gRFd1HvStGy1E,Delivery Restaurant,"Delivery Restaurant, Catering food and drink supplier, Caterer, Food manufacturer, Food producer, Takeout Restaurant",Meal delivery,,kosher meal delivery same day Toronto
Slice N Bites,"3020 Bathurst St, North York, ON M6B 3B6",North York,Ontario,M6B 3B6,+1 416-781-1326,http://www.slicenbites.com/,43.7179387,-79.42972999999999,4.5,453,"{'Friday': ['10:30a.m.-2:30p.m.'], 'Monday': ['10:30a.m.-6:30p.m.'], 'Saturday': ['6:30p.m.-12a.m.'], 'Sunday': ['10:30a.m.-7:30p.m.'], 'Thursday': ['10:30a.m.-7:30p.m.'], 'Tuesday': ['10:30a.m.-6:30p.m.'], 'Wednesday': ['10:30a.m.-6:30p.m.']}",ChIJo59ac6szK4gRK3B50LwisUA,Pizza restaurant,"Pizza restaurant, Falafel restaurant, Kosher restaurant, Pizza delivery, Sandwich shop, Soup restaurant, Sushi restaurant",restaurants,Kosher fare ranging from sushi rolls to pizza offered in a down-to-earth setting.,kosher meal delivery same day Toronto
Pizza Cafe,"3774 Bathurst St, North York, ON M3H 3M6",North York,Ontario,M3H 3M6,+1 416-633-5678,http://www.pizzacafe.ca/,43.737949799999996,-79.43467609999999,4.5,341,"{'Friday': ['10a.m.-6:30p.m.'], 'Monday': ['10a.m.-9p.m.'], 'Saturday': ['6:30p.m.-12a.m.'], 'Sunday': ['10a.m.-9p.m.'], 'Thursday': ['10a.m.-9p.m.'], 'Tuesday': ['10a.m.-9p.m.'], 'Wednesday': ['10a.m.-9p.m.']}",ChIJX0v_C10yK4gRXspoAXxW5Us,Kosher restaurant,"Kosher restaurant, Pizza restaurant",restaurants,"Offering kosher food, this strip-mall pizzeria dishes out traditional pies, sandwiches & pasta.",kosher meal delivery same day Toronto
Cut The Prep Meal Prep,"5 Mariner Terrace Suite 2911, Toronto, ON M5V 3V6",Toronto,Ontario,M5V 3V6,+1 437-990-1779,,43.6397355,-79.3904175,5.0,6,"{'Friday': ['Open 24 hours'], 'Monday': ['Open 24 hours'], 'Saturday': ['Open 24 hours'], 'Sunday': ['Open 24 hours'], 'Thursday': ['Open 24 hours'], 'Tuesday': ['Open 24 hours'], 'Wednesday': ['Open 24 hours']}",ChIJ7TjIMYbL1IkRIWyguxmgFv8,Catering food and drink supplier,"Catering food and drink supplier, Food producer, Consultant",Food producer,,kosher meal delivery same day Toronto
Richmond Kosher Bakery,"4119 Bathurst St Unit 1, North York, ON M3H 3P4",North York,Ontario,M3H 3P4,+1 647-776-5995,http://richmondkosherbakery.com/,43.747001999999995,-79.4360397,4.4,201,"{'Friday': ['6a.m.-4p.m.'], 'Monday': ['6a.m.-7p.m.'], 'Saturday': ['Closed'], 'Sunday': ['7a.m.-6p.m.'], 'Thursday': ['6a.m.-7p.m.'], 'Tuesday': ['6a.m.-7p.m.'], 'Wednesday': ['6a.m.-7p.m.']}",ChIJY-3_gWUyK4gRo3mGdlc0tRI,Bakery,"Bakery, Kosher grocery store",Bakery,,kosher meal delivery same day Toronto
Gatsby,"18 St Thomas St, Toronto, ON M5S 3E7",Toronto,Ontario,M5S 3E7,+1 416-971-9666,http://www.windsorarmshotel.com/dining/livingroom/,43.6687989,-79.39134609999999,3.3,76,"{'Friday': ['11a.m.-11p.m.'], 'Monday': ['11a.m.-11p.m.'], 'Saturday': ['11a.m.-11p.m.'], 'Sunday': ['11a.m.-11p.m.'], 'Thursday': ['11a.m.-11p.m.'], 'Tuesday': ['11a.m.-11p.m.'], 'Wednesday': ['11a.m.-11p.m.']}",ChIJjz8TAbA0K4gRiogJUu9i5-k,Kosher restaurant,"Kosher restaurant, Restaurant, Modern British restaurant",restaurants,"Cozy, chic locale at the Windsor Arms hotel offering upscale Canadian fare & 60 local craft drafts.",kosher meal delivery same day Toronto
Zelden's Deli and Desserts,"1446 Yonge St, Toronto, ON M4T 1Y5",Toronto,Ontario,M4T 1Y5,+1 647-347-3474,http://www.zeldensdelianddesserts.com/,43.6874617,-79.3939774,4.5,443,"{'Friday': ['8a.m.-9p.m.'], 'Monday': ['8a.m.-9p.m.'], 'Saturday': ['9a.m.-9p.m.'], 'Sunday': ['9a.m.-9p.m.'], 'Thursday': ['8a.m.-9p.m.'], 'Tuesday': ['8a.m.-9p.m.'], 'Wednesday': ['8a.m.-9p.m.']}",ChIJlUsD3FozK4gR-leQdjky9Cc,Restaurant,Restaurant,restaurants,,kosher meal delivery same day Toronto
Essen on Bathurst,"3023 Bathurst St, North York, ON M6B 3B5",North York,Ontario,M6B 3B5,+1 416-256-7377,https://www.essenonbathurst.ca/,43.718101399999995,-79.4292076,4.6,9,"{'Friday': ['9a.m.-2p.m.'], 'Monday': ['11:30a.m.-9p.m.'], 'Saturday': ['Closed'], 'Sunday': ['11:30a.m.-9p.m.'], 'Thursday': ['11:30a.m.-12a.m.'], 'Tuesday': ['11:30a.m.-9p.m.'], 'Wednesday': ['11:30a.m.-9p.m.']}",ChIJ35NuWbIzK4gRGXezOB2y4WQ,Takeout Restaurant,Takeout Restaurant,restaurants,,kosher comfort food delivery Toronto
Fat Pasha,"414 Dupont St, Toronto, ON M5R 1V9",Toronto,Ontario,M5R 1V9,+1 647-646-1698,http://www.fatpasha.com/,43.6738449,-79.4117562,4.3,1566,"{'Friday': ['5-11p.m.'], 'Monday': ['5-10p.m.'], 'Saturday': ['11a.m.-2:45p.m.', '5-10p.m.'], 'Sunday': ['11a.m.-2:45p.m.', '5-10p.m.'], 'Thursday': ['5-10p.m.'], 'Tuesday': ['5-10p.m.'], 'Wednesday': ['5-10p.m.']}",ChIJRzxXBJs0K4gRGlDJ5_mt5NA,Middle Eastern restaurant,"Middle Eastern restaurant, Bar, Israeli restaurant, Jewish restaurant",restaurants,Funky eatery with country-chic decor serving Middle Eastern & European Jewish dishes.,kosher comfort food delivery Toronto
A Yiddishe Mame,"1416 Centre St, Thornhill, ON L4J 8A1",Thornhill,Ontario,L4J 8A1,+1 905-597-7709,https://ayiddishemame.ca/,43.807188,-79.4719901,4.6,264,"{'Friday': ['12-8p.m.'], 'Monday': ['12-8p.m.'], 'Saturday': ['12-8p.m.'], 'Sunday': ['12-8p.m.'], 'Thursday': ['12-8p.m.'], 'Tuesday': ['12-8p.m.'], 'Wednesday': ['12-8p.m.']}",ChIJYR3HYYIuK4gRBngsxKC_AiQ,Jewish restaurant,Jewish restaurant,restaurants,,kosher comfort food delivery Toronto
Electric Love Bakeshop,"900 Wilson Ave, North York, ON M3K 1E7",CA,Ontario,M3K 1E7,+1 647-989-5274,http://www.electriclovebakeshop.com/,43.7304124,-79.469171,4.9,108,"{'Friday': ['8:30a.m.-2:30p.m.'], 'Monday': ['9a.m.-3p.m.'], 'Saturday': ['Closed'], 'Sunday': ['9a.m.-3p.m.'], 'Thursday': ['9a.m.-3p.m.'], 'Tuesday': ['9a.m.-3p.m.'], 'Wednesday': ['9a.m.-3p.m.']}",ChIJRT-T_a0zK4gRoaWIDTi522w,Bakery,Bakery,Bakery,,kosher caterer North York
Goldie's - Restaurant & Caterer - An Eisenbergs Company,"4580 Dufferin St, North York, ON M3H 5Y2",North York,Ontario,M3H 5Y2,+1 416-514-1019,https://goldiesandwiches.com/,43.7696404,-79.4676451,4.8,231,"{'Friday': ['8a.m.-4p.m.'], 'Monday': ['8a.m.-4p.m.'], 'Saturday': ['Closed'], 'Sunday': ['Closed'], 'Thursday': ['8a.m.-4p.m.'], 'Tuesday': ['8a.m.-4p.m.'], 'Wednesday': ['8a.m.-4p.m.']}",ChIJXX3VIjgtK4gR6_5I-h8_Pv4,Caterer,"Caterer, Bagel shop, Breakfast restaurant, Brunch restaurant, Restaurant, Event venue, Health food restaurant, Lunch restaurant, Sandwich shop, Toast restaurant",restaurants,,kosher caterer North York
KACE Catering,"1230 Sheppard Ave W Unit 12, North York, ON M3K 1Z9",North York,Ontario,M3K 1Z9,+1 647-995-5414,https://www.kacecatering.com/,43.754767699999995,-79.4797932,4.8,17,"{'Friday': ['11a.m.-4p.m.'], 'Monday': ['11a.m.-4p.m.'], 'Saturday': ['Closed'], 'Sunday': ['Closed'], 'Thursday': ['11a.m.-4p.m.'], 'Tuesday': ['11a.m.-4p.m.'], 'Wednesday': ['11a.m.-4p.m.']}",ChIJR5qpCdoxK4gRW3XUSxQSg8M,Caterer,Caterer,Caterer,,kosher caterer North York
LeChaim Catering,"868 Magnetic Dr, North York, ON M3J 3M8",North York,Ontario,M3J 3M8,+1 416-650-5440,http://www.lechaimcatering.com/,43.7834928,-79.47837,3.5,11,"{'Friday': ['7a.m.-12p.m.'], 'Monday': ['7a.m.-7p.m.'], 'Saturday': ['Closed'], 'Sunday': ['Closed'], 'Thursday': ['7a.m.-7p.m.'], 'Tuesday': ['7a.m.-7p.m.'], 'Wednesday': ['7a.m.-7p.m.']}",ChIJFR8ReHQuK4gRo7USFva0S_0,Caterer,"Caterer, Food manufacturer, Mobile caterer",Caterer,,kosher caterer North York
Eisenbergs Restaurant & Caterer @ The SRC Centre,"9600 Bathurst Street, Maple, ON Maple, ON L6A 3Z8",Vaughan,ON,L6A 3Z8,+1 416-473-4689,https://www.eisenbergsandwiches.com/,43.8533818,-79.46222929999999,4.6,40,"{'Friday': ['8:30a.m.-2:30p.m.'], 'Monday': ['9a.m.-7:30p.m.'], 'Saturday': ['Closed'], 'Sunday': ['10a.m.-5p.m.'], 'Thursday': ['9a.m.-7:30p.m.'], 'Tuesday': ['9a.m.-7:30p.m.'], 'Wednesday': ['9a.m.-7:30p.m.']}",ChIJ_3ZJ5BYrK4gRVprytiv2LtY,Kosher restaurant,"Kosher restaurant, Cafe, Catering food and drink supplier, Caterer, Coffee shop, Event venue, Family restaurant, Food producer",restaurants,,kosher caterer Thornhill
Cafe Sheli,"7700 Bathurst St, Thornhill, ON L4J 0A7",Thornhill,Ontario,L4J 0A7,+1 905-762-0640,https://cafesheli.com/,43.8100849,-79.4521298,4.0,365,"{'Friday': ['Closed'], 'Monday': ['9a.m.-7:30p.m.'], 'Saturday': ['Closed'], 'Sunday': ['9:30a.m.-7:30p.m.'], 'Thursday': ['9a.m.-7:30p.m.'], 'Tuesday': ['9a.m.-7:30p.m.'], 'Wednesday': ['9a.m.-7:30p.m.']}",ChIJ78RKCjksK4gRuGE__kWjzFs,Kosher restaurant,"Kosher restaurant, Breakfast restaurant, Coffee store, Restaurant, Vegetarian restaurant",restaurants,"Spacious kosher eatery with outdoor seating serving breakfast & baked goods, plus lunch & dinner.",kosher caterer Thornhill
Elite Salads International,"77 Doncaster Ave, Thornhill, ON L3T 1L6",Thornhill,Ontario,L3T 1L6,+1 905-771-9356,http://www.elitesalads.com/,43.803923,-79.4152422,4.6,19,"{'Friday': ['7a.m.-3:30p.m.'], 'Monday': ['8:30a.m.-4p.m.'], 'Saturday': ['Closed'], 'Sunday': ['Closed'], 'Thursday': ['8a.m.-4p.m.'], 'Tuesday': ['8a.m.-4p.m.'], 'Wednesday': ['8a.m.-4p.m.']}",ChIJCYsPDPAsK4gRIXBS01biF2E,Caterer,"Caterer, Food producer, Kosher grocery store, Manufacturer",Caterer,,kosher caterer Thornhill
Jewish Caterer,"15 N Park Rd #1415, Vaughan, ON L4J 0A1",Vaughan,Ontario,L4J 0A1,+1 647-642-8643,http://jewishcaterer.com/,43.8125849,-79.4530841,5.0,2,"{'Friday': ['Open 24 hours'], 'Monday': ['Closed'], 'Saturday': ['12a.m.-7p.m.'], 'Sunday': ['Closed'], 'Thursday': ['Open 24 hours'], 'Tuesday': ['3a.m.-12a.m.'], 'Wednesday': ['Open 24 hours']}",ChIJX_Ygrz4sK4gR6F4gppvCQmg,Caterer,Caterer,Caterer,,kosher caterer Thornhill
Kapara,"7700 Bathurst St Unit 12, Thornhill, ON L4J 0A7",Thornhill,Ontario,L4J 0A7,+1 905-886-7444,https://kapara.ca/,43.8100041,-79.452213,4.8,207,"{'Friday': ['10a.m.-3p.m.'], 'Monday': ['12-10p.m.'], 'Saturday': ['7p.m.-12a.m.'], 'Sunday': ['12-10p.m.'], 'Thursday': ['12-10p.m.'], 'Tuesday': ['12-10p.m.'], 'Wednesday': ['12-10p.m.']}",ChIJ28xremEtK4gR1PnhMfPtXgY,Restaurant,Restaurant,restaurants,,kosher caterer Thornhill
Top Slice,"7241 Bathurst St, Thornhill, ON L4J 3W1",Thornhill,Ontario,L4J 3W1,+1 905-889-1400,http://www.topslice.ca/,43.7987952,-79.44642619999999,4.5,228,"{'Friday': ['11a.m.-2:30p.m.'], 'Monday': ['11a.m.-8p.m.'], 'Saturday': ['9p.m.-12a.m.'], 'Sunday': ['11a.m.-8:30p.m.'], 'Thursday': ['11a.m.-8:30p.m.'], 'Tuesday': ['11a.m.-8p.m.'], 'Wednesday': ['11a.m.-8p.m.']}",ChIJn3zfs0osK4gRA_ceDepuZ0s,Kosher restaurant,"Kosher restaurant, Pizza restaurant",restaurants,,kosher caterer Thornhill
Greg's Delights,"55 Glen Cameron Rd Unit 5, Thornhill, ON L3T 1P7",Thornhill,Ontario,L3T 1P7,+1 905-597-7734,https://gregsdelights.ca/,43.8059128,-79.4172141,4.3,11,"{'Friday': ['Closed'], 'Monday': ['7a.m.-2p.m.'], 'Saturday': ['Closed'], 'Sunday': ['Closed'], 'Thursday': ['7a.m.-2p.m.'], 'Tuesday': ['7a.m.-2p.m.'], 'Wednesday': ['7a.m.-2p.m.']}",ChIJXwgC5kotK4gRTqEYdZOF54E,Caterer,Caterer,Caterer,,kosher caterer Thornhill
Chic Pick Restaurant and Catering,"160 Cidermill Ave, Vaughan, ON L4K 4K5",Vaughan,Ontario,L4K 4K5,+1 416-897-8431,http://www.chicpickcatering.com/,43.8062271,-79.5337371,4.8,331,"{'Friday': ['11:30a.m.-9p.m.'], 'Monday': ['11:30a.m.-9p.m.'], 'Saturday': ['11:30a.m.-9p.m.'], 'Sunday': ['Closed'], 'Thursday': ['11:30a.m.-9p.m.'], 'Tuesday': ['11:30a.m.-9p.m.'], 'Wednesday': ['11:30a.m.-9p.m.']}",ChIJe6cMD5srK4gRoAN4IfFbFnA,Catering food and drink supplier,"Catering food and drink supplier, Restaurant",restaurants,"Laid-back eatery offering burgers, sandwiches & Persian-style plates for takeaway & delivery.",kosher caterer Vaughan
Arzo Catering - Hamida,"167 Applewood Crescent #3, Vaughan, ON L4K 4K7",Vaughan,Ontario,L4K 4K7,+1 647-525-9277,http://www.arzocatering.com/,43.8079673,-79.5341753,4.9,238,None,ChIJfVVksgsvK4gRNvEawmrvvCg,Caterer,Caterer,Caterer,,kosher caterer Vaughan
PRC Caterers,"240 Viceroy Rd, Concord, ON L4K 3N8",Concord,Ontario,L4K 3N8,+1 416-787-9889,https://prccaterers.com/,43.788759399999996,-79.4724404,5.0,10,"{'Friday': ['9a.m.-4p.m.'], 'Monday': ['9a.m.-5p.m.'], 'Saturday': ['Closed'], 'Sunday': ['Closed'], 'Thursday': ['9a.m.-5p.m.'], 'Tuesday': ['9a.m.-5p.m.'], 'Wednesday': ['9a.m.-5p.m.']}",ChIJcdCCpqAvK4gRCzxpVLF4XG0,Caterer,Caterer,Caterer,,kosher caterer Vaughan
Kosher Country Style,"72 Winters Rd, North York, ON M3J 2N9",CA,Ontario,M3J 2N9,+1 416-650-8260,,43.776261299999994,-79.5023994,4.5,24,"{'Friday': ['7a.m.-3p.m.'], 'Monday': ['7a.m.-7p.m.'], 'Saturday': ['Closed'], 'Sunday': ['Closed'], 'Thursday': ['7a.m.-7p.m.'], 'Tuesday': ['7a.m.-7p.m.'], 'Wednesday': ['7a.m.-7p.m.']}",ChIJf_43qDwuK4gRtzftuOBdfGU,Restaurant,Restaurant,restaurants,,kosher caterer Vaughan
Tov-Li,"5982 Bathurst St, North York, ON M2R 1Z1",North York,Ontario,M2R 1Z1,+1 416-650-9800,http://www.tovlipizza.com/,43.7842631,-79.4466951,4.3,714,"{'Friday': ['10a.m.-2p.m.'], 'Monday': ['10a.m.-8p.m.'], 'Saturday': ['Closed'], 'Sunday': ['10a.m.-8p.m.'], 'Thursday': ['10a.m.-8p.m.'], 'Tuesday': ['10a.m.-8p.m.'], 'Wednesday': ['10a.m.-8p.m.']}",ChIJxyCQ77gtK4gRe78r3ExqOsw,Caterer,"Caterer, Kosher restaurant, Falafel restaurant, Fast food restaurant, Pizza restaurant, Vegetarian restaurant",restaurants,"Low-key kosher restaurant serving falafel, salads, pasta & pizza plus all-day breakfast.",kosher caterer Bathurst Manor
Ba-Li Laffa,"7117 Bathurst St, Thornhill, ON L4J 2J6",Thornhill,Ontario,L4J 2J6,+1 905-597-7720,http://www.balilaffa.com/,43.7949866,-79.44573249999999,4.3,643,"{'Friday': ['11:30a.m.-2:30p.m.'], 'Monday': ['11:30a.m.-9:30p.m.'], 'Saturday': ['Closed'], 'Sunday': ['11:30a.m.-9:30p.m.'], 'Thursday': ['11:30a.m.-9:30p.m.'], 'Tuesday': ['11:30a.m.-9:30p.m.'], 'Wednesday': ['11:30a.m.-9:30p.m.']}",ChIJAaLEB7UtK4gR8lC3YuZgz9w,Kosher restaurant,Kosher restaurant,restaurants,"Mediterranean grill doling out kebabs, hummus & other familiar fare in a casual setting.",kosher caterer Bathurst Manor
Nortown Foods,"892 Eglinton Ave W, Toronto, ON M6C 2B6",Toronto,Ontario,M6C 2B6,+1 416-789-2921,http://www.nortownfoods.com/,43.700873699999995,-79.42722719999999,4.0,102.0,"{'Friday': ['8a.m.-7p.m.'], 'Monday': ['8a.m.-7p.m.'], 'Saturday': ['Closed'], 'Sunday': ['8a.m.-6p.m.'], 'Thursday': ['8a.m.-7p.m.'], 'Tuesday': ['8a.m.-7p.m.'], 'Wednesday': ['8a.m.-7p.m.']}",ChIJKflRSJ8zK4gR5dSnYTu6oPU,Supermarket,Supermarket,Supermarket,,kosher catering Forest Hill
Forest Hill Jewish Centre,"360 Spadina Rd, Toronto, ON M5P 2V4",Toronto,Ontario,M5P 2V4,+1 416-483-0883,https://www.foresthilljewishcentre.org/,43.686080499999996,-79.41195499999999,4.6,59.0,"{'Friday': ['Open 24 hours'], 'Monday': ['Open 24 hours'], 'Saturday': ['Open 24 hours'], 'Sunday': ['Open 24 hours'], 'Thursday': ['Open 24 hours'], 'Tuesday': ['Open 24 hours'], 'Wednesday': ['Open 24 hours']}",ChIJYwrSk2QzK4gRFHv67dnCZy8,Synagogue,"Synagogue, Community center, Orthodox synagogue",Synagogue,,kosher catering Forest Hill
Kosher Catering Ltd,"Pape Ave, East York, ON M4J 2S5",CA,Ontario,M4J 2S5,+1 416-477-2518,http://koshergrouptrips.com/,43.6930117,-79.350161,,,"{'Friday': ['Open 24 hours'], 'Monday': ['Open 24 hours'], 'Saturday': ['Open 24 hours'], 'Sunday': ['Open 24 hours'], 'Thursday': ['Open 24 hours'], 'Tuesday': ['Open 24 hours'], 'Wednesday': ['Open 24 hours']}",ChIJ__-_lQvN1IkRrs9Hy-N8Pv8,Caterer,"Caterer, Catering food and drink supplier",Caterer,,kosher catering Forest Hill
Yoona's Kitchen *Keto & Sugar Free & Gluten Free & Diabetic Friendly & Grain Free* Dairy Free & Vegan Option,"3895 Bathurst St, Toronto, ON M3H 5V1",Toronto,Ontario,M3H 5V1,+1 647-343-8200,http://www.yoona.ca/,43.7425011,-79.4348517,4.9,178.0,"{'Friday': ['11a.m.-6p.m.'], 'Monday': ['Closed'], 'Saturday': ['11a.m.-6p.m.'], 'Sunday': ['Closed'], 'Thursday': ['11a.m.-6p.m.'], 'Tuesday': ['11a.m.-6p.m.'], 'Wednesday': ['11a.m.-6p.m.']}",ChIJJdu63PwzK4gRss1EF-3zo1g,Bakery,"Bakery, Diabetes center, Gluten-free restaurant, Weight loss service",Bakery,,kosher catering Forest Hill
Summerhill Market - Forest Hill,"484 Eglinton Ave W, Toronto, ON M5N 1A5",Toronto,Ontario,M5N 1A5,+1 416-941-2574,http://www.summerhillmarket.com/,43.7038407,-79.4128175,4.3,215.0,"{'Friday': ['8a.m.-8p.m.'], 'Monday': ['8a.m.-8p.m.'], 'Saturday': ['8a.m.-8p.m.'], 'Sunday': ['8a.m.-8p.m.'], 'Thursday': ['8a.m.-8p.m.'], 'Tuesday': ['8a.m.-8p.m.'], 'Wednesday': ['8a.m.-8p.m.']}",ChIJWRnpGBIzK4gR2Z0YwE6mWio,Grocery store,Grocery store,Grocery store,,kosher catering Forest Hill
Jerusalem Restaurant,"955 Eglinton Ave W, York, ON M6C 2C4",York,Ontario,M6C 2C4,+1 416-783-6494,http://www.jerusalemrestaurant.ca/,43.7000323,-79.4290223,4.3,1159.0,"{'Friday': ['11:30a.m.-8p.m.'], 'Monday': ['11:30a.m.-8p.m.'], 'Saturday': ['11:30a.m.-8p.m.'], 'Sunday': ['11:30a.m.-7:30p.m.'], 'Thursday': ['11:30a.m.-8p.m.'], 'Tuesday': ['11:30a.m.-8p.m.'], 'Wednesday': ['11:30a.m.-8p.m.']}",ChIJjRtsbp8zK4gR7Kspt4XygD4,Middle Eastern restaurant,"Middle Eastern restaurant, Mediterranean restaurant, Restaurant",restaurants,Family-owned dining room with Middle Eastern food in a low-key space with take-out options.,kosher catering Forest Hill
Aba's Bagel Company,"884a Eglinton Ave W, Toronto, ON M6C 2B6",Toronto,Ontario,M6C 2B6,+1 416-780-2020,https://abasbagel.com/,43.7009263,-79.42702039999999,4.3,159.0,"{'Friday': ['7a.m.-5p.m.'], 'Monday': ['7a.m.-4p.m.'], 'Saturday': ['7a.m.-3p.m.'], 'Sunday': ['7a.m.-3p.m.'], 'Thursday': ['7a.m.-4p.m.'], 'Tuesday': ['7a.m.-4p.m.'], 'Wednesday': ['7a.m.-4p.m.']}",ChIJVZ_j1D4zK4gRkYZw0B6_QrA,Bagel shop,Bagel shop,Bagel shop,"Bagel bakery serving the house specialty, plus breakfasts & sandwiches, morning to mid-afternoon.",kosher catering Forest Hill
Ace Kosher Inc,"9600 Bathurst St, Maple, ON L6A 3Z8",Maple,Ontario,L6A 3Z8,,http://www.acekosher.com/,43.8533171,-79.4621264,5.0,3.0,"{'Friday': ['9a.m.-5p.m.'], 'Monday': ['9a.m.-5p.m.'], 'Saturday': ['Closed'], 'Sunday': ['Closed'], 'Thursday': ['9a.m.-5p.m.'], 'Tuesday': ['9a.m.-5p.m.'], 'Wednesday': ['9a.m.-5p.m.']}",ChIJ0XzJ7MYzK4gRKui09mD1Z-U,Caterer,Caterer,Caterer,,kosher catering Forest Hill
What A Bagel Spadina Road,"421 Spadina Rd, Toronto, ON M5P 2W3",Toronto,Ontario,M5P 2W3,+1 416-480-9358,http://www.whatabagel.com/,43.6888942,-79.4126065,4.1,432.0,"{'Friday': ['6a.m.-6p.m.'], 'Monday': ['6a.m.-6p.m.'], 'Saturday': ['6a.m.-6p.m.'], 'Sunday': ['6a.m.-6p.m.'], 'Thursday': ['6a.m.-6p.m.'], 'Tuesday': ['6a.m.-6p.m.'], 'Wednesday': ['6a.m.-6p.m.']}",ChIJl1JgamUzK4gR982r3JJbHjo,Restaurant,"Restaurant, Bagel shop, Bakery",Bakery,"Bagel bakery serving the house specialty, plus breakfasts & sandwiches, morning to mid-afternoon.",kosher catering Forest Hill
Crema Cafe,"3032 Bathurst St, Toronto, ON M6B 3B6",Toronto,Ontario,M6B 3B6,+1 416-780-1110,https://cremacafeto.com/,43.718258899999995,-79.42974099999999,4.5,95,"{'Friday': ['8a.m.-3p.m.'], 'Monday': ['8a.m.-5p.m.'], 'Saturday': ['7p.m.-12a.m.'], 'Sunday': ['9a.m.-4p.m.'], 'Thursday': ['8a.m.-5p.m.'], 'Tuesday': ['8a.m.-5p.m.'], 'Wednesday': ['8a.m.-5p.m.']}",ChIJ4zRMAfAzK4gR92-U_hIgXA0,Cafe,Cafe,cafes,,kosher catering Lawrence Park
David Mintz Catering,"28 Vansco Rd, Etobicoke, ON M8Z 5J4",Etobicoke,Ontario,M8Z 5J4,+1 647-837-3348,https://dmcatering.ca/,43.622225,-79.5357136,4.5,80,"{'Friday': ['7a.m.-6p.m.'], 'Monday': ['7a.m.-6p.m.'], 'Saturday': ['7a.m.-6p.m.'], 'Sunday': ['7a.m.-6p.m.'], 'Thursday': ['7a.m.-6p.m.'], 'Tuesday': ['7a.m.-6p.m.'], 'Wednesday': ['7a.m.-6p.m.']}",ChIJg9YlmA7L1IkRCbn9G6co4Uw,Caterer,Caterer,Caterer,,best kosher caterer Toronto
Noah Kosher Sushi,"4119 Bathurst St, North York, ON M3H 3P4",North York,Ontario,M3H 3P4,+1 647-343-4773,http://www.noahkoshersushi.ca/,43.747022099999995,-79.4359655,4.7,57,"{'Friday': ['7a.m.-2:30p.m.'], 'Monday': ['9a.m.-7p.m.'], 'Saturday': ['Closed'], 'Sunday': ['9a.m.-6p.m.'], 'Thursday': ['9a.m.-7p.m.'], 'Tuesday': ['9a.m.-7p.m.'], 'Wednesday': ['9a.m.-7p.m.']}",ChIJ-dEQemUyK4gR3OhXhSXpRjI,Takeout Restaurant,"Takeout Restaurant, Japanese restaurant, Sushi restaurant",restaurants,,best kosher restaurant Toronto
Wok & Bowl,"3022 Bathurst St, North York, ON M6B 3B6",CA,Ontario,M6B 3B6,+1 416-435-5678,http://www.wokandbowl.ca/,43.7180353,-79.42967039999999,4.0,92,"{'Friday': ['9:30a.m.-2:30p.m.'], 'Monday': ['11a.m.-9p.m.'], 'Saturday': ['Closed'], 'Sunday': ['11a.m.-10p.m.'], 'Thursday': ['11a.m.-9p.m.'], 'Tuesday': ['11a.m.-9p.m.'], 'Wednesday': ['11a.m.-9p.m.']}",ChIJ6fSgv_4zK4gRVPdvmOVRVhA,Restaurant,Restaurant,restaurants,,best kosher restaurant Toronto
Maven Toronto,"112 Harbord St, Toronto, ON M5S 1G6",Toronto,Ontario,M5S 1G6,+1 647-348-9666,https://www.maventoronto.ca/,43.662852,-79.403746,4.8,178,"{'Friday': ['5-10p.m.'], 'Monday': ['Closed'], 'Saturday': ['5-10p.m.'], 'Sunday': ['5-9p.m.'], 'Thursday': ['5-10p.m.'], 'Tuesday': ['Closed'], 'Wednesday': ['5-10p.m.']}",ChIJPbgOfzU1K4gRVWZKIBQN0Qk,Restaurant,Restaurant,restaurants,,best kosher restaurant Toronto
Surreal Food Co,"3437 Bathurst St, North York, ON M6A 2C3",North York,Ontario,M6A 2C3,+1 416-705-2075,,43.727774,-79.4315529,4.7,45,"{'Friday': ['Closed'], 'Monday': ['11a.m.-8:30p.m.'], 'Saturday': ['8:30-11:30p.m.'], 'Sunday': ['11a.m.-9p.m.'], 'Thursday': ['11a.m.-8:30p.m.'], 'Tuesday': ['11a.m.-8:30p.m.'], 'Wednesday': ['11a.m.-8:30p.m.']}",ChIJeX50wpQzK4gRSnTU9b8HF1s,Kosher restaurant,"Kosher restaurant, Cafe, Bakery, Pizza restaurant, Sandwich shop",Bakery,,best kosher restaurant Toronto
Chef Harwash,"707 Dundas St W, Toronto, ON M5T 2W6",Toronto,Ontario,M5T 2W6,+1 647-809-1334,,43.6518217,-79.40452789999999,4.9,875,"{'Friday': ['1p.m.-12a.m.'], 'Monday': ['12-7:30p.m.'], 'Saturday': ['1p.m.-12a.m.'], 'Sunday': ['Closed'], 'Thursday': ['1-11p.m.'], 'Tuesday': ['1-10:30p.m.'], 'Wednesday': ['12-11p.m.']}",ChIJXaYiiA81K4gReGGzk0JuVgQ,Middle Eastern restaurant,Middle Eastern restaurant,restaurants,,best kosher restaurant Toronto
Chai,"1034 St Clair Ave W, Old Toronto, ON M6E 1A4",CA,Ontario,M6E 1A4,+1 416-652-6000,https://koshchai.com/,43.6791292,-79.43846409999999,4.8,12,"{'Friday': ['7:30a.m.-2:30p.m.'], 'Monday': ['7:30a.m.-5p.m.'], 'Saturday': ['Closed'], 'Sunday': ['7:30a.m.-5p.m.'], 'Thursday': ['7:30a.m.-5p.m.'], 'Tuesday': ['7:30a.m.-5p.m.'], 'Wednesday': ['7:30a.m.-5p.m.']}",ChIJH-iau3c1K4gRG99WoeHb9hA,Cafe,Cafe,cafes,,best kosher restaurant Toronto
Free Times Cafe,"320 College St, Toronto, ON M5T 1S3",Toronto,Ontario,M5T 1S3,+1 416-967-1078,http://www.freetimescafe.com/,43.657678999999995,-79.402487,4.3,755,"{'Friday': ['11:30a.m.-12a.m.'], 'Monday': ['11:30a.m.-9p.m.'], 'Saturday': ['11a.m.-12a.m.'], 'Sunday': ['11a.m.-9p.m.'], 'Thursday': ['11:30a.m.-11p.m.'], 'Tuesday': ['11:30a.m.-11p.m.'], 'Wednesday': ['11:30a.m.-10p.m.']}",ChIJLx7I0ME0K4gRFyQ_WvDd_vw,Jewish restaurant,"Jewish restaurant, Restaurant",restaurants,Jewish & Middle East fare with acoustic tunes & a popular reservations-only Yiddish brunch buffet.,best kosher restaurant Toronto
Surreal Sweets,"3513 Bathurst St, North York, ON M6A 2C5",North York,Ontario,M6A 2C5,+1 416-436-3037,http://surrealsweets.com/,43.7289384,-79.431663,4.7,81,"{'Friday': ['8a.m.-2p.m.'], 'Monday': ['9a.m.-5p.m.'], 'Saturday': ['Closed'], 'Sunday': ['10a.m.-4p.m.'], 'Thursday': ['9a.m.-7p.m.'], 'Tuesday': ['9a.m.-5p.m.'], 'Wednesday': ['9a.m.-5p.m.']}",ChIJM1zEMHkzK4gRLlsiP5B9YN0,Bakery,"Bakery, Cupcake shop, Kosher grocery store, Party store, Pastry shop, Vegetarian restaurant, Wedding bakery",Bakery,,best kosher restaurant Toronto
